,Mutation Code,ddG (kcal/mol),Position,Wildtype Amino Acid,Mutated Amino Acid
0,M1A,1.1028,1,M,A
1,M1C,0.2746,1,M,C
2,M1D,1.7859,1,M,D
3,M1E,1.6738,1,M,E
4,M1F,0.1506,1,M,F
5,M1G,1.515,1,M,G
6,M1H,1.089,1,M,H
7,M1I,0.3154,1,M,I
8,M1K,1.5765,1,M,K
9,M1L,0.1949,1,M,L
10,M1M,0.0,1,M,M
11,M1N,1.5496,1,M,N
12,M1P,1.2369,1,M,P
13,M1Q,1.2946,1,M,Q
14,M1R,1.531,1,M,R
15,M1S,1.4876,1,M,S
16,M1T,1.4481,1,M,T
17,M1V,0.6944,1,M,V
18,M1W,0.2747,1,M,W
19,M1Y,0.3429,1,M,Y
20,N2A,0.8433,2,N,A
21,N2C,0.3901,2,N,C
22,N2D,0.5123,2,N,D
23,N2E,1.1606,2,N,E
24,N2F,1.014,2,N,F
25,N2G,0.5815,2,N,G
26,N2H,0.713,2,N,H
27,N2I,1.2273,2,N,I
28,N2K,0.9676,2,N,K
29,N2L,0.9593,2,N,L
30,N2M,0.9533,2,N,M
31,N2N,0.0,2,N,N
32,N2P,1.8841,2,N,P
33,N2Q,0.986,2,N,Q
34,N2R,0.9222,2,N,R
35,N2S,0.2325,2,N,S
36,N2T,0.3567,2,N,T
37,N2V,1.0149,2,N,V
38,N2W,1.0593,2,N,W
39,N2Y,1.0794,2,N,Y
40,I3A,1.7727,3,I,A
41,I3C,1.1028,3,I,C
42,I3D,2.7124,3,I,D
43,I3E,2.2087,3,I,E
44,I3F,1.1183,3,I,F
45,I3G,2.7074,3,I,G
46,I3H,2.18,3,I,H
47,I3I,0.0,3,I,I
48,I3K,2.1939,3,I,K
49,I3L,0.468,3,I,L
50,I3M,0.9895,3,I,M
51,I3N,2.6152,3,I,N
52,I3P,2.155,3,I,P
53,I3Q,2.2123,3,I,Q
54,I3R,2.287,3,I,R
55,I3S,2.1977,3,I,S
56,I3T,1.6488,3,I,T
57,I3V,0.4995,3,I,V
58,I3W,1.2286,3,I,W
59,I3Y,1.4137,3,I,Y
60,F4A,1.0539,4,F,A
61,F4C,0.4664,4,F,C
62,F4D,1.5043,4,F,D
63,F4E,1.2081,4,F,E
64,F4F,0.0,4,F,F
65,F4G,1.3005,4,F,G
66,F4H,0.7566,4,F,H
67,F4I,0.6706,4,F,I
68,F4K,0.675,4,F,K
69,F4L,0.5053,4,F,L
70,F4M,0.6206,4,F,M
71,F4N,1.0616,4,F,N
72,F4P,1.2432,4,F,P
73,F4Q,1.0399,4,F,Q
74,F4R,0.5761,4,F,R
75,F4S,1.1156,4,F,S
76,F4T,0.9455,4,F,T
77,F4V,0.7823,4,F,V
78,F4W,0.1339,4,F,W
79,F4Y,0.0498,4,F,Y
80,E5A,0.271,5,E,A
81,E5C,0.1775,5,E,C
82,E5D,0.6767,5,E,D
83,E5E,0.0,5,E,E
84,E5F,0.6782,5,E,F
85,E5G,0.9487,5,E,G
86,E5H,0.6347,5,E,H
87,E5I,0.4652,5,E,I
88,E5K,0.5887,5,E,K
89,E5L,0.4293,5,E,L
90,E5M,0.4111,5,E,M
91,E5N,0.8125,5,E,N
92,E5P,1.7585,5,E,P
93,E5Q,0.3302,5,E,Q
94,E5R,0.6027,5,E,R
95,E5S,0.3389,5,E,S
96,E5T,0.3296,5,E,T
97,E5V,0.4294,5,E,V
98,E5W,0.4219,5,E,W
99,E5Y,0.5633,5,E,Y
100,M6A,1.6746,6,M,A
101,M6C,0.8909,6,M,C
102,M6D,3.4157,6,M,D
103,M6E,3.2423,6,M,E
104,M6F,0.928,6,M,F
105,M6G,2.4434,6,M,G
106,M6H,2.2548,6,M,H
107,M6I,0.5369,6,M,I
108,M6K,2.2967,6,M,K
109,M6L,0.2229,6,M,L
110,M6M,0.0,6,M,M
111,M6N,2.6603,6,M,N
112,M6P,2.6482,6,M,P
113,M6Q,2.1753,6,M,Q
114,M6R,2.0915,6,M,R
115,M6S,2.3314,6,M,S
116,M6T,2.1528,6,M,T
117,M6V,1.0068,6,M,V
118,M6W,1.5173,6,M,W
119,M6Y,1.5967,6,M,Y
120,L7A,2.8296,7,L,A
121,L7C,2.0956,7,L,C
122,L7D,3.7417,7,L,D
123,L7E,3.4219,7,L,E
124,L7F,1.8141,7,L,F
125,L7G,3.5475,7,L,G
126,L7H,3.0201,7,L,H
127,L7I,1.0834,7,L,I
128,L7K,2.533,7,L,K
129,L7L,0.0,7,L,L
130,L7M,1.074,7,L,M
131,L7N,3.1095,7,L,N
132,L7P,3.7341,7,L,P
133,L7Q,3.0051,7,L,Q
134,L7R,2.2419,7,L,R
135,L7S,3.3442,7,L,S
136,L7T,2.8622,7,L,T
137,L7V,2.0322,7,L,V
138,L7W,2.3195,7,L,W
139,L7Y,2.3316,7,L,Y
140,R8A,0.5554,8,R,A
141,R8C,0.0794,8,R,C
142,R8D,1.7368,8,R,D
143,R8E,0.9638,8,R,E
144,R8F,0.0147,8,R,F
145,R8G,1.2853,8,R,G
146,R8H,0.5867,8,R,H
147,R8I,-0.177,8,R,I
148,R8K,0.3957,8,R,K
149,R8L,-0.1759,8,R,L
150,R8M,-0.0192,8,R,M
151,R8N,1.2154,8,R,N
152,R8P,2.0068,8,R,P
153,R8Q,0.6075,8,R,Q
154,R8R,0.0,8,R,R
155,R8S,0.8083,8,R,S
156,R8T,0.5421,8,R,T
157,R8V,-0.1185,8,R,V
158,R8W,-0.0454,8,R,W
159,R8Y,-0.0115,8,R,Y
160,I9A,1.2369,9,I,A
161,I9C,0.829,9,I,C
162,I9D,1.6197,9,I,D
163,I9E,1.4013,9,I,E
164,I9F,0.9212,9,I,F
165,I9G,1.7881,9,I,G
166,I9H,1.322,9,I,H
167,I9I,0.0,9,I,I
168,I9K,1.3984,9,I,K
169,I9L,0.4763,9,I,L
170,I9M,0.8467,9,I,M
171,I9N,1.6305,9,I,N
172,I9P,2.193,9,I,P
173,I9Q,1.353,9,I,Q
174,I9R,1.5053,9,I,R
175,I9S,1.5612,9,I,S
176,I9T,1.27,9,I,T
177,I9V,0.5344,9,I,V
178,I9W,1.0338,9,I,W
179,I9Y,0.9872,9,I,Y
180,D10A,1.1276,10,D,A
181,D10C,0.6584,10,D,C
182,D10D,0.0,10,D,D
183,D10E,0.6336,10,D,E
184,D10F,0.7712,10,D,F
185,D10G,1.5159,10,D,G
186,D10H,1.1539,10,D,H
187,D10I,0.6455,10,D,I
188,D10K,1.5396,10,D,K
189,D10L,0.2001,10,D,L
190,D10M,0.4934,10,D,M
191,D10N,0.8516,10,D,N
192,D10P,2.1354,10,D,P
193,D10Q,0.9949,10,D,Q
194,D10R,1.4063,10,D,R
195,D10S,0.9978,10,D,S
196,D10T,0.9487,10,D,T
197,D10V,1.0724,10,D,V
198,D10W,0.7869,10,D,W
199,D10Y,0.8178,10,D,Y
200,E11A,0.8538,11,E,A
201,E11C,0.0283,11,E,C
202,E11D,1.4063,11,E,D
203,E11E,0.0,11,E,E
204,E11F,0.469,11,E,F
205,E11G,1.4437,11,E,G
206,E11H,0.5548,11,E,H
207,E11I,0.4587,11,E,I
208,E11K,0.7487,11,E,K
209,E11L,0.0612,11,E,L
210,E11M,0.0092,11,E,M
211,E11N,1.0665,11,E,N
212,E11P,1.8865,11,E,P
213,E11Q,0.2234,11,E,Q
214,E11R,0.7057,11,E,R
215,E11S,1.1933,11,E,S
216,E11T,0.6949,11,E,T
217,E11V,0.2271,11,E,V
218,E11W,0.6576,11,E,W
219,E11Y,0.4509,11,E,Y
220,G12A,1.8408,12,G,A
221,G12C,1.0239,12,G,C
222,G12D,1.8912,12,G,D
223,G12E,2.155,12,G,E
224,G12F,1.6566,12,G,F
225,G12G,0.0,12,G,G
226,G12H,1.6685,12,G,H
227,G12I,2.2089,12,G,I
228,G12K,2.0999,12,G,K
229,G12L,1.7885,12,G,L
230,G12M,1.7473,12,G,M
231,G12N,1.5877,12,G,N
232,G12P,2.6861,12,G,P
233,G12Q,1.9422,12,G,Q
234,G12R,2.1512,12,G,R
235,G12S,1.8726,12,G,S
236,G12T,2.3068,12,G,T
237,G12V,2.1857,12,G,V
238,G12W,1.6984,12,G,W
239,G12Y,1.7416,12,G,Y
240,L13A,1.314,13,L,A
241,L13C,0.3071,13,L,C
242,L13D,1.4191,13,L,D
243,L13E,1.1053,13,L,E
244,L13F,0.0893,13,L,F
245,L13G,1.7485,13,L,G
246,L13H,1.3065,13,L,H
247,L13I,0.0898,13,L,I
248,L13K,1.6961,13,L,K
249,L13L,0.0,13,L,L
250,L13M,0.2774,13,L,M
251,L13N,1.6446,13,L,N
252,L13P,1.858,13,L,P
253,L13Q,1.2711,13,L,Q
254,L13R,1.7794,13,L,R
255,L13S,1.2834,13,L,S
256,L13T,0.9536,13,L,T
257,L13V,0.2718,13,L,V
258,L13W,0.2886,13,L,W
259,L13Y,0.5394,13,L,Y
260,R14A,1.1197,14,R,A
261,R14C,0.7333,14,R,C
262,R14D,1.7915,14,R,D
263,R14E,1.5069,14,R,E
264,R14F,0.9298,14,R,F
265,R14G,1.7075,14,R,G
266,R14H,0.7723,14,R,H
267,R14I,0.9895,14,R,I
268,R14K,0.3968,14,R,K
269,R14L,0.9365,14,R,L
270,R14M,0.9008,14,R,M
271,R14N,1.0766,14,R,N
272,R14P,2.4424,14,R,P
273,R14Q,0.9852,14,R,Q
274,R14R,0.0,14,R,R
275,R14S,1.1763,14,R,S
276,R14T,1.0828,14,R,T
277,R14V,0.8713,14,R,V
278,R14W,1.123,14,R,W
279,R14Y,0.9858,14,R,Y
280,L15A,1.6316,15,L,A
281,L15C,0.7678,15,L,C
282,L15D,2.2817,15,L,D
283,L15E,1.8777,15,L,E
284,L15F,0.6679,15,L,F
285,L15G,2.1074,15,L,G
286,L15H,1.6935,15,L,H
287,L15I,0.5293,15,L,I
288,L15K,1.8668,15,L,K
289,L15L,0.0,15,L,L
290,L15M,0.7363,15,L,M
291,L15N,2.0519,15,L,N
292,L15P,2.1459,15,L,P
293,L15Q,1.8575,15,L,Q
294,L15R,2.0071,15,L,R
295,L15S,1.8753,15,L,S
296,L15T,1.3505,15,L,T
297,L15V,0.8181,15,L,V
298,L15W,1.0076,15,L,W
299,L15Y,0.8227,15,L,Y
300,K16A,0.2833,16,K,A
301,K16C,-0.4883,16,K,C
302,K16D,0.6869,16,K,D
303,K16E,0.152,16,K,E
304,K16F,-0.2674,16,K,F
305,K16G,1.0605,16,K,G
306,K16H,-0.1138,16,K,H
307,K16I,-0.3821,16,K,I
308,K16K,0.0,16,K,K
309,K16L,-0.0903,16,K,L
310,K16M,-0.1284,16,K,M
311,K16N,0.3632,16,K,N
312,K16P,1.9767,16,K,P
313,K16Q,0.0723,16,K,Q
314,K16R,-0.1135,16,K,R
315,K16S,0.2227,16,K,S
316,K16T,-0.1439,16,K,T
317,K16V,-0.4051,16,K,V
318,K16W,-0.2499,16,K,W
319,K16Y,-0.3881,16,K,Y
320,I17A,1.893,17,I,A
321,I17C,1.2647,17,I,C
322,I17D,2.6933,17,I,D
323,I17E,2.582,17,I,E
324,I17F,1.0667,17,I,F
325,I17G,2.434,17,I,G
326,I17H,2.3087,17,I,H
327,I17I,0.0,17,I,I
328,I17K,2.3872,17,I,K
329,I17L,0.5428,17,I,L
330,I17M,0.9376,17,I,M
331,I17N,2.567,17,I,N
332,I17P,2.2252,17,I,P
333,I17Q,2.4274,17,I,Q
334,I17R,2.376,17,I,R
335,I17S,2.447,17,I,S
336,I17T,2.0087,17,I,T
337,I17V,0.6179,17,I,V
338,I17W,1.4716,17,I,W
339,I17Y,1.576,17,I,Y
340,Y18A,1.7981,18,Y,A
341,Y18C,1.426,18,Y,C
342,Y18D,2.6874,18,Y,D
343,Y18E,2.2416,18,Y,E
344,Y18F,0.8751,18,Y,F
345,Y18G,2.5034,18,Y,G
346,Y18H,1.4998,18,Y,H
347,Y18I,1.9071,18,Y,I
348,Y18K,2.4445,18,Y,K
349,Y18L,2.0686,18,Y,L
350,Y18M,2.1032,18,Y,M
351,Y18N,2.4501,18,Y,N
352,Y18P,3.2442,18,Y,P
353,Y18Q,2.4496,18,Y,Q
354,Y18R,2.127,18,Y,R
355,Y18S,2.1573,18,Y,S
356,Y18T,1.8433,18,Y,T
357,Y18V,1.6708,18,Y,V
358,Y18W,0.939,18,Y,W
359,Y18Y,0.0,18,Y,Y
360,K19A,1.3175,19,K,A
361,K19C,0.5354,19,K,C
362,K19D,2.7341,19,K,D
363,K19E,1.5865,19,K,E
364,K19F,0.4335,19,K,F
365,K19G,2.2728,19,K,G
366,K19H,0.8872,19,K,H
367,K19I,0.1038,19,K,I
368,K19K,0.0,19,K,K
369,K19L,0.0967,19,K,L
370,K19M,0.1955,19,K,M
371,K19N,1.625,19,K,N
372,K19P,2.227,19,K,P
373,K19Q,0.5721,19,K,Q
374,K19R,0.1343,19,K,R
375,K19S,1.4373,19,K,S
376,K19T,0.8975,19,K,T
377,K19V,0.4574,19,K,V
378,K19W,0.8043,19,K,W
379,K19Y,0.5124,19,K,Y
380,D20A,2.2916,20,D,A
381,D20C,1.4735,20,D,C
382,D20D,0.0,20,D,D
383,D20E,2.1503,20,D,E
384,D20F,2.4693,20,D,F
385,D20G,1.9491,20,D,G
386,D20H,2.0755,20,D,H
387,D20I,2.6208,20,D,I
388,D20K,2.5113,20,D,K
389,D20L,2.4948,20,D,L
390,D20M,2.5467,20,D,M
391,D20N,0.5234,20,D,N
392,D20P,2.889,20,D,P
393,D20Q,2.5485,20,D,Q
394,D20R,2.2971,20,D,R
395,D20S,0.7704,20,D,S
396,D20T,1.2242,20,D,T
397,D20V,2.6645,20,D,V
398,D20W,2.5786,20,D,W
399,D20Y,2.7335,20,D,Y
400,T21A,-0.1954,21,T,A
401,T21C,-0.1692,21,T,C
402,T21D,-0.221,21,T,D
403,T21E,-0.1339,21,T,E
404,T21F,0.235,21,T,F
405,T21G,0.031,21,T,G
406,T21H,-0.0432,21,T,H
407,T21I,0.1556,21,T,I
408,T21K,0.0158,21,T,K
409,T21L,0.1133,21,T,L
410,T21M,0.2175,21,T,M
411,T21N,-0.1643,21,T,N
412,T21P,0.0158,21,T,P
413,T21Q,-0.0144,21,T,Q
414,T21R,0.1042,21,T,R
415,T21S,-0.2187,21,T,S
416,T21T,0.0,21,T,T
417,T21V,0.1711,21,T,V
418,T21W,0.2105,21,T,W
419,T21Y,0.2219,21,T,Y
420,E22A,0.0204,22,E,A
421,E22C,-0.2129,22,E,C
422,E22D,0.4122,22,E,D
423,E22E,0.0,22,E,E
424,E22F,0.1854,22,E,F
425,E22G,0.5798,22,E,G
426,E22H,0.085,22,E,H
427,E22I,0.4856,22,E,I
428,E22K,0.1616,22,E,K
429,E22L,0.1398,22,E,L
430,E22M,0.1638,22,E,M
431,E22N,0.1626,22,E,N
432,E22P,1.9956,22,E,P
433,E22Q,0.0773,22,E,Q
434,E22R,0.2868,22,E,R
435,E22S,0.2423,22,E,S
436,E22T,0.3821,22,E,T
437,E22V,0.5566,22,E,V
438,E22W,0.1138,22,E,W
439,E22Y,0.0074,22,E,Y
440,G23A,1.9208,23,G,A
441,G23C,0.8772,23,G,C
442,G23D,1.5991,23,G,D
443,G23E,1.9601,23,G,E
444,G23F,1.623,23,G,F
445,G23G,0.0,23,G,G
446,G23H,1.5773,23,G,H
447,G23I,2.5954,23,G,I
448,G23K,1.9961,23,G,K
449,G23L,1.9231,23,G,L
450,G23M,1.7587,23,G,M
451,G23N,1.3589,23,G,N
452,G23P,3.0837,23,G,P
453,G23Q,1.8919,23,G,Q
454,G23R,2.0513,23,G,R
455,G23S,1.8666,23,G,S
456,G23T,2.4322,23,G,T
457,G23V,2.6222,23,G,V
458,G23W,1.7912,23,G,W
459,G23Y,1.7799,23,G,Y
460,Y24A,0.8128,24,Y,A
461,Y24C,-0.0204,24,Y,C
462,Y24D,1.3784,24,Y,D
463,Y24E,1.4293,24,Y,E
464,Y24F,-0.0069,24,Y,F
465,Y24G,1.2005,24,Y,G
466,Y24H,0.2393,24,Y,H
467,Y24I,1.2259,24,Y,I
468,Y24K,0.6235,24,Y,K
469,Y24L,0.1745,24,Y,L
470,Y24M,0.1874,24,Y,M
471,Y24N,0.3837,24,Y,N
472,Y24P,3.1186,24,Y,P
473,Y24Q,0.7432,24,Y,Q
474,Y24R,0.3907,24,Y,R
475,Y24S,1.105,24,Y,S
476,Y24T,1.4712,24,Y,T
477,Y24V,1.3325,24,Y,V
478,Y24W,0.0056,24,Y,W
479,Y24Y,0.0,24,Y,Y
480,Y25A,2.3673,25,Y,A
481,Y25C,1.6674,25,Y,C
482,Y25D,3.1961,25,Y,D
483,Y25E,3.129,25,Y,E
484,Y25F,0.7192,25,Y,F
485,Y25G,2.7923,25,Y,G
486,Y25H,1.8786,25,Y,H
487,Y25I,1.8292,25,Y,I
488,Y25K,2.7723,25,Y,K
489,Y25L,1.5361,25,Y,L
490,Y25M,1.8081,25,Y,M
491,Y25N,2.7228,25,Y,N
492,Y25P,2.8226,25,Y,P
493,Y25Q,2.8515,25,Y,Q
494,Y25R,2.5841,25,Y,R
495,Y25S,2.7654,25,Y,S
496,Y25T,2.6614,25,Y,T
497,Y25V,2.1306,25,Y,V
498,Y25W,0.5252,25,Y,W
499,Y25Y,0.0,25,Y,Y
500,T26A,0.38,26,T,A
501,T26C,0.1898,26,T,C
502,T26D,1.939,26,T,D
503,T26E,1.5813,26,T,E
504,T26F,0.543,26,T,F
505,T26G,1.4062,26,T,G
506,T26H,1.1346,26,T,H
507,T26I,0.1989,26,T,I
508,T26K,0.8357,26,T,K
509,T26L,0.4231,26,T,L
510,T26M,0.1074,26,T,M
511,T26N,1.4091,26,T,N
512,T26P,2.3492,26,T,P
513,T26Q,0.9443,26,T,Q
514,T26R,0.5482,26,T,R
515,T26S,0.3684,26,T,S
516,T26T,0.0,26,T,T
517,T26V,0.2329,26,T,V
518,T26W,0.8865,26,T,W
519,T26Y,0.7152,26,T,Y
520,I27A,1.569,27,I,A
521,I27C,0.8783,27,I,C
522,I27D,2.9181,27,I,D
523,I27E,2.5064,27,I,E
524,I27F,0.8298,27,I,F
525,I27G,2.582,27,I,G
526,I27H,2.0597,27,I,H
527,I27I,0.0,27,I,I
528,I27K,2.5035,27,I,K
529,I27L,0.7174,27,I,L
530,I27M,0.8397,27,I,M
531,I27N,2.5783,27,I,N
532,I27P,2.7717,27,I,P
533,I27Q,2.2803,27,I,Q
534,I27R,2.4554,27,I,R
535,I27S,2.1336,27,I,S
536,I27T,1.7454,27,I,T
537,I27V,0.4626,27,I,V
538,I27W,1.0439,27,I,W
539,I27Y,1.1572,27,I,Y
540,G28A,2.2088,28,G,A
541,G28C,1.7896,28,G,C
542,G28D,3.1787,28,G,D
543,G28E,3.2036,28,G,E
544,G28F,1.6078,28,G,F
545,G28G,0.0,28,G,G
546,G28H,2.6512,28,G,H
547,G28I,2.3098,28,G,I
548,G28K,3.0112,28,G,K
549,G28L,2.1534,28,G,L
550,G28M,2.1843,28,G,M
551,G28N,2.9611,28,G,N
552,G28P,2.8269,28,G,P
553,G28Q,2.8724,28,G,Q
554,G28R,2.876,28,G,R
555,G28S,2.7552,28,G,S
556,G28T,2.9666,28,G,T
557,G28V,2.2019,28,G,V
558,G28W,1.8091,28,G,W
559,G28Y,1.8263,28,G,Y
560,I29A,2.0773,29,I,A
561,I29C,1.3238,29,I,C
562,I29D,3.0354,29,I,D
563,I29E,2.6026,29,I,E
564,I29F,0.914,29,I,F
565,I29G,2.9018,29,I,G
566,I29H,1.8765,29,I,H
567,I29I,0.0,29,I,I
568,I29K,2.0212,29,I,K
569,I29L,0.66,29,I,L
570,I29M,1.106,29,I,M
571,I29N,2.6298,29,I,N
572,I29P,2.5993,29,I,P
573,I29Q,2.2253,29,I,Q
574,I29R,1.9768,29,I,R
575,I29S,2.5236,29,I,S
576,I29T,1.9349,29,I,T
577,I29V,0.7446,29,I,V
578,I29W,1.017,29,I,W
579,I29Y,0.8269,29,I,Y
580,G30A,2.1119,30,G,A
581,G30C,1.5592,30,G,C
582,G30D,2.734,30,G,D
583,G30E,2.7803,30,G,E
584,G30F,1.8051,30,G,F
585,G30G,0.0,30,G,G
586,G30H,2.2919,30,G,H
587,G30I,2.333,30,G,I
588,G30K,2.6534,30,G,K
589,G30L,2.0349,30,G,L
590,G30M,2.0443,30,G,M
591,G30N,2.5132,30,G,N
592,G30P,2.9037,30,G,P
593,G30Q,2.4547,30,G,Q
594,G30R,2.6246,30,G,R
595,G30S,2.4679,30,G,S
596,G30T,2.6902,30,G,T
597,G30V,2.1157,30,G,V
598,G30W,1.8977,30,G,W
599,G30Y,1.9746,30,G,Y
600,H31A,1.3024,31,H,A
601,H31C,0.2792,31,H,C
602,H31D,1.6863,31,H,D
603,H31E,1.9731,31,H,E
604,H31F,0.3449,31,H,F
605,H31G,1.7308,31,H,G
606,H31H,0.0,31,H,H
607,H31I,0.5387,31,H,I
608,H31K,0.9781,31,H,K
609,H31L,0.9565,31,H,L
610,H31M,0.9083,31,H,M
611,H31N,0.7761,31,H,N
612,H31P,1.3519,31,H,P
613,H31Q,1.2485,31,H,Q
614,H31R,0.7088,31,H,R
615,H31S,0.7528,31,H,S
616,H31T,0.5554,31,H,T
617,H31V,0.7005,31,H,V
618,H31W,0.0019,31,H,W
619,H31Y,-0.1277,31,H,Y
620,L32A,1.448,32,L,A
621,L32C,0.823,32,L,C
622,L32D,1.9605,32,L,D
623,L32E,1.6922,32,L,E
624,L32F,0.9558,32,L,F
625,L32G,1.9304,32,L,G
626,L32H,1.6624,32,L,H
627,L32I,0.3294,32,L,I
628,L32K,1.2606,32,L,K
629,L32L,0.0,32,L,L
630,L32M,0.7358,32,L,M
631,L32N,1.8184,32,L,N
632,L32P,1.2855,32,L,P
633,L32Q,1.5313,32,L,Q
634,L32R,1.4302,32,L,R
635,L32S,1.6828,32,L,S
636,L32T,1.267,32,L,T
637,L32V,0.4808,32,L,V
638,L32W,1.1677,32,L,W
639,L32Y,1.2579,32,L,Y
640,L33A,2.9081,33,L,A
641,L33C,1.8597,33,L,C
642,L33D,3.5002,33,L,D
643,L33E,3.4187,33,L,E
644,L33F,2.1106,33,L,F
645,L33G,3.2649,33,L,G
646,L33H,3.4411,33,L,H
647,L33I,1.2993,33,L,I
648,L33K,3.2111,33,L,K
649,L33L,0.0,33,L,L
650,L33M,1.4507,33,L,M
651,L33N,3.465,33,L,N
652,L33P,3.4535,33,L,P
653,L33Q,3.3655,33,L,Q
654,L33R,3.3143,33,L,R
655,L33S,3.3083,33,L,S
656,L33T,3.1017,33,L,T
657,L33V,1.8073,33,L,V
658,L33W,2.7508,33,L,W
659,L33Y,2.7535,33,L,Y
660,T34A,0.967,34,T,A
661,T34C,0.0691,34,T,C
662,T34D,1.5451,34,T,D
663,T34E,1.5953,34,T,E
664,T34F,-0.1095,34,T,F
665,T34G,1.3944,34,T,G
666,T34H,0.6999,34,T,H
667,T34I,0.3907,34,T,I
668,T34K,1.2707,34,T,K
669,T34L,0.4368,34,T,L
670,T34M,0.2816,34,T,M
671,T34N,0.9424,34,T,N
672,T34P,1.7491,34,T,P
673,T34Q,1.0342,34,T,Q
674,T34R,1.0635,34,T,R
675,T34S,0.4502,34,T,S
676,T34T,0.0,34,T,T
677,T34V,0.2782,34,T,V
678,T34W,-0.3382,34,T,W
679,T34Y,-0.0634,34,T,Y
680,K35A,0.7061,35,K,A
681,K35C,0.3932,35,K,C
682,K35D,1.7765,35,K,D
683,K35E,1.281,35,K,E
684,K35F,0.7849,35,K,F
685,K35G,1.4673,35,K,G
686,K35H,0.7466,35,K,H
687,K35I,0.4825,35,K,I
688,K35K,0.0,35,K,K
689,K35L,0.3318,35,K,L
690,K35M,0.304,35,K,M
691,K35N,0.997,35,K,N
692,K35P,1.1923,35,K,P
693,K35Q,0.6051,35,K,Q
694,K35R,-0.0618,35,K,R
695,K35S,0.9655,35,K,S
696,K35T,0.6655,35,K,T
697,K35V,0.6322,35,K,V
698,K35W,0.6048,35,K,W
699,K35Y,0.5893,35,K,Y
700,S36A,0.1682,36,S,A
701,S36C,-0.0128,36,S,C
702,S36D,-0.1075,36,S,D
703,S36E,0.005,36,S,E
704,S36F,0.7192,36,S,F
705,S36G,0.723,36,S,G
706,S36H,0.0949,36,S,H
707,S36I,0.5021,36,S,I
708,S36K,0.3772,36,S,K
709,S36L,0.3057,36,S,L
710,S36M,0.3084,36,S,M
711,S36N,-0.1226,36,S,N
712,S36P,2.3148,36,S,P
713,S36Q,0.1835,36,S,Q
714,S36R,0.2723,36,S,R
715,S36S,0.0,36,S,S
716,S36T,0.0527,36,S,T
717,S36V,0.529,36,S,V
718,S36W,0.7955,36,S,W
719,S36Y,0.6761,36,S,Y
720,P37A,-0.0102,37,P,A
721,P37C,0.004,37,P,C
722,P37D,0.194,37,P,D
723,P37E,0.1851,37,P,E
724,P37F,0.2374,37,P,F
725,P37G,0.1588,37,P,G
726,P37H,0.267,37,P,H
727,P37I,0.2575,37,P,I
728,P37K,0.1029,37,P,K
729,P37L,0.1797,37,P,L
730,P37M,0.2142,37,P,M
731,P37N,0.198,37,P,N
732,P37P,0.0,37,P,P
733,P37Q,0.1696,37,P,Q
734,P37R,0.1814,37,P,R
735,P37S,0.04,37,P,S
736,P37T,0.0935,37,P,T
737,P37V,0.2215,37,P,V
738,P37W,0.2469,37,P,W
739,P37Y,0.3129,37,P,Y
740,S38A,0.7763,38,S,A
741,S38C,0.5931,38,S,C
742,S38D,0.482,38,S,D
743,S38E,0.9744,38,S,E
744,S38F,1.1255,38,S,F
745,S38G,0.9986,38,S,G
746,S38H,1.0465,38,S,H
747,S38I,1.0358,38,S,I
748,S38K,1.1043,38,S,K
749,S38L,1.0927,38,S,L
750,S38M,0.9818,38,S,M
751,S38N,0.6236,38,S,N
752,S38P,1.3251,38,S,P
753,S38Q,1.0583,38,S,Q
754,S38R,1.1535,38,S,R
755,S38S,0.0,38,S,S
756,S38T,0.4876,38,S,T
757,S38V,1.2086,38,S,V
758,S38W,1.2367,38,S,W
759,S38Y,1.3729,38,S,Y
760,L39A,0.6899,39,L,A
761,L39C,0.2886,39,L,C
762,L39D,1.3498,39,L,D
763,L39E,0.4119,39,L,E
764,L39F,0.2405,39,L,F
765,L39G,1.315,39,L,G
766,L39H,1.0251,39,L,H
767,L39I,0.0487,39,L,I
768,L39K,1.1043,39,L,K
769,L39L,0.0,39,L,L
770,L39M,0.2362,39,L,M
771,L39N,1.4147,39,L,N
772,L39P,0.7629,39,L,P
773,L39Q,0.9738,39,L,Q
774,L39R,1.0945,39,L,R
775,L39S,1.1233,39,L,S
776,L39T,1.0346,39,L,T
777,L39V,0.3549,39,L,V
778,L39W,0.3497,39,L,W
779,L39Y,0.4941,39,L,Y
780,N40A,-0.279,40,N,A
781,N40C,-0.2685,40,N,C
782,N40D,-0.1124,40,N,D
783,N40E,-0.3916,40,N,E
784,N40F,0.0878,40,N,F
785,N40G,0.4328,40,N,G
786,N40H,-0.004,40,N,H
787,N40I,-0.1034,40,N,I
788,N40K,-0.0814,40,N,K
789,N40L,-0.1685,40,N,L
790,N40M,-0.1516,40,N,M
791,N40N,0.0,40,N,N
792,N40P,1.6442,40,N,P
793,N40Q,-0.2288,40,N,Q
794,N40R,-0.1627,40,N,R
795,N40S,-0.0302,40,N,S
796,N40T,0.0826,40,N,T
797,N40V,-0.1413,40,N,V
798,N40W,-0.1002,40,N,W
799,N40Y,0.0296,40,N,Y
800,A41A,0.0,41,A,A
801,A41C,0.0341,41,A,C
802,A41D,-0.1837,41,A,D
803,A41E,-0.2582,41,A,E
804,A41F,0.6021,41,A,F
805,A41G,0.8186,41,A,G
806,A41H,0.2336,41,A,H
807,A41I,0.2482,41,A,I
808,A41K,0.4903,41,A,K
809,A41L,0.0961,41,A,L
810,A41M,0.1974,41,A,M
811,A41N,0.2239,41,A,N
812,A41P,1.9737,41,A,P
813,A41Q,0.0333,41,A,Q
814,A41R,0.4214,41,A,R
815,A41S,0.1879,41,A,S
816,A41T,0.0545,41,A,T
817,A41V,0.0748,41,A,V
818,A41W,0.4415,41,A,W
819,A41Y,0.5251,41,A,Y
820,A42A,0.0,42,A,A
821,A42C,0.9782,42,A,C
822,A42D,2.7789,42,A,D
823,A42E,2.5199,42,A,E
824,A42F,1.5196,42,A,F
825,A42G,2.0355,42,A,G
826,A42H,2.3002,42,A,H
827,A42I,1.673,42,A,I
828,A42K,2.4238,42,A,K
829,A42L,1.3376,42,A,L
830,A42M,1.4684,42,A,M
831,A42N,2.588,42,A,N
832,A42P,2.5092,42,A,P
833,A42Q,2.496,42,A,Q
834,A42R,2.4288,42,A,R
835,A42S,1.7492,42,A,S
836,A42T,2.2488,42,A,T
837,A42V,1.4406,42,A,V
838,A42W,1.5393,42,A,W
839,A42Y,1.6223,42,A,Y
840,K43A,0.7382,43,K,A
841,K43C,0.0476,43,K,C
842,K43D,1.8937,43,K,D
843,K43E,1.0663,43,K,E
844,K43F,-0.1013,43,K,F
845,K43G,1.623,43,K,G
846,K43H,0.5276,43,K,H
847,K43I,-0.1809,43,K,I
848,K43K,0.0,43,K,K
849,K43L,-0.3234,43,K,L
850,K43M,-0.2013,43,K,M
851,K43N,1.0066,43,K,N
852,K43P,1.9577,43,K,P
853,K43Q,0.3702,43,K,Q
854,K43R,-0.1497,43,K,R
855,K43S,0.9155,43,K,S
856,K43T,0.5088,43,K,T
857,K43V,0.0676,43,K,V
858,K43W,-0.0816,43,K,W
859,K43Y,-0.0249,43,K,Y
860,S44A,-0.2611,44,S,A
861,S44C,-0.2647,44,S,C
862,S44D,0.1375,44,S,D
863,S44E,-0.139,44,S,E
864,S44F,0.0623,44,S,F
865,S44G,0.5667,44,S,G
866,S44H,0.0663,44,S,H
867,S44I,-0.1466,44,S,I
868,S44K,-0.2381,44,S,K
869,S44L,-0.2015,44,S,L
870,S44M,-0.2328,44,S,M
871,S44N,0.0164,44,S,N
872,S44P,2.3849,44,S,P
873,S44Q,-0.1829,44,S,Q
874,S44R,-0.3285,44,S,R
875,S44S,0.0,44,S,S
876,S44T,0.1022,44,S,T
877,S44V,0.0488,44,S,V
878,S44W,0.0096,44,S,W
879,S44Y,0.0286,44,S,Y
880,E45A,0.3035,45,E,A
881,E45C,0.4578,45,E,C
882,E45D,1.569,45,E,D
883,E45E,0.0,45,E,E
884,E45F,0.7274,45,E,F
885,E45G,1.4747,45,E,G
886,E45H,1.0875,45,E,H
887,E45I,0.6736,45,E,I
888,E45K,1.3908,45,E,K
889,E45L,0.7445,45,E,L
890,E45M,0.4321,45,E,M
891,E45N,1.733,45,E,N
892,E45P,2.468,45,E,P
893,E45Q,0.6271,45,E,Q
894,E45R,1.3463,45,E,R
895,E45S,1.0518,45,E,S
896,E45T,1.2059,45,E,T
897,E45V,0.679,45,E,V
898,E45W,0.7593,45,E,W
899,E45Y,0.7753,45,E,Y
900,L46A,2.2727,46,L,A
901,L46C,1.4999,46,L,C
902,L46D,2.8319,46,L,D
903,L46E,2.8795,46,L,E
904,L46F,1.4355,46,L,F
905,L46G,3.035,46,L,G
906,L46H,2.8744,46,L,H
907,L46I,1.1017,46,L,I
908,L46K,2.8776,46,L,K
909,L46L,0.0,46,L,L
910,L46M,1.0389,46,L,M
911,L46N,3.0187,46,L,N
912,L46P,2.853,46,L,P
913,L46Q,2.7943,46,L,Q
914,L46R,2.9405,46,L,R
915,L46S,2.8041,46,L,S
916,L46T,2.8046,46,L,T
917,L46V,1.7324,46,L,V
918,L46W,1.9361,46,L,W
919,L46Y,2.159,46,L,Y
920,D47A,1.6519,47,D,A
921,D47C,1.1539,47,D,C
922,D47D,0.0,47,D,D
923,D47E,1.1687,47,D,E
924,D47F,1.8486,47,D,F
925,D47G,2.0249,47,D,G
926,D47H,1.65,47,D,H
927,D47I,1.7879,47,D,I
928,D47K,2.1657,47,D,K
929,D47L,1.6406,47,D,L
930,D47M,1.6884,47,D,M
931,D47N,0.8498,47,D,N
932,D47P,2.6811,47,D,P
933,D47Q,1.7007,47,D,Q
934,D47R,2.073,47,D,R
935,D47S,1.2695,47,D,S
936,D47T,1.6393,47,D,T
937,D47V,1.8574,47,D,V
938,D47W,1.7704,47,D,W
939,D47Y,1.9893,47,D,Y
940,K48A,0.4252,48,K,A
941,K48C,0.4699,48,K,C
942,K48D,1.4081,48,K,D
943,K48E,0.9632,48,K,E
944,K48F,0.6361,48,K,F
945,K48G,1.2491,48,K,G
946,K48H,0.6715,48,K,H
947,K48I,0.3873,48,K,I
948,K48K,0.0,48,K,K
949,K48L,0.3895,48,K,L
950,K48M,0.3533,48,K,M
951,K48N,0.7533,48,K,N
952,K48P,2.8806,48,K,P
953,K48Q,0.4578,48,K,Q
954,K48R,-0.1687,48,K,R
955,K48S,0.6601,48,K,S
956,K48T,0.6554,48,K,T
957,K48V,0.6031,48,K,V
958,K48W,0.7305,48,K,W
959,K48Y,0.6166,48,K,Y
960,A49A,0.0,49,A,A
961,A49C,0.3946,49,A,C
962,A49D,2.0722,49,A,D
963,A49E,1.321,49,A,E
964,A49F,0.6455,49,A,F
965,A49G,1.8978,49,A,G
966,A49H,1.1655,49,A,H
967,A49I,-0.107,49,A,I
968,A49K,0.9188,49,A,K
969,A49L,-0.121,49,A,L
970,A49M,0.0473,49,A,M
971,A49N,1.7292,49,A,N
972,A49P,2.7661,49,A,P
973,A49Q,0.9506,49,A,Q
974,A49R,0.7942,49,A,R
975,A49S,1.1173,49,A,S
976,A49T,0.9812,49,A,T
977,A49V,0.0752,49,A,V
978,A49W,0.5141,49,A,W
979,A49Y,0.5686,49,A,Y
980,I50A,1.6719,50,I,A
981,I50C,0.8638,50,I,C
982,I50D,2.4663,50,I,D
983,I50E,2.3355,50,I,E
984,I50F,1.3377,50,I,F
985,I50G,2.3937,50,I,G
986,I50H,2.217,50,I,H
987,I50I,0.0,50,I,I
988,I50K,2.2341,50,I,K
989,I50L,0.0608,50,I,L
990,I50M,0.7825,50,I,M
991,I50N,2.2512,50,I,N
992,I50P,2.7795,50,I,P
993,I50Q,2.1792,50,I,Q
994,I50R,2.4014,50,I,R
995,I50S,2.1018,50,I,S
996,I50T,1.496,50,I,T
997,I50V,0.5074,50,I,V
998,I50W,1.5922,50,I,W
999,I50Y,1.6219,50,I,Y
1000,G51A,1.0794,51,G,A
1001,G51C,0.4543,51,G,C
1002,G51D,1.2129,51,G,D
1003,G51E,1.2156,51,G,E
1004,G51F,1.0209,51,G,F
1005,G51G,0.0,51,G,G
1006,G51H,0.7612,51,G,H
1007,G51I,1.6641,51,G,I
1008,G51K,0.941,51,G,K
1009,G51L,1.0828,51,G,L
1010,G51M,0.9599,51,G,M
1011,G51N,0.6521,51,G,N
1012,G51P,2.1002,51,G,P
1013,G51Q,0.9401,51,G,Q
1014,G51R,1.0428,51,G,R
1015,G51S,1.123,51,G,S
1016,G51T,1.5774,51,G,T
1017,G51V,1.6263,51,G,V
1018,G51W,1.3059,51,G,W
1019,G51Y,1.1903,51,G,Y
1020,R52A,0.9096,52,R,A
1021,R52C,1.0834,52,R,C
1022,R52D,2.0713,52,R,D
1023,R52E,1.8443,52,R,E
1024,R52F,1.2182,52,R,F
1025,R52G,1.576,52,R,G
1026,R52H,1.2221,52,R,H
1027,R52I,1.2136,52,R,I
1028,R52K,0.5486,52,R,K
1029,R52L,1.2175,52,R,L
1030,R52M,1.0778,52,R,M
1031,R52N,1.4858,52,R,N
1032,R52P,2.6501,52,R,P
1033,R52Q,1.2527,52,R,Q
1034,R52R,0.0,52,R,R
1035,R52S,1.1831,52,R,S
1036,R52T,1.3405,52,R,T
1037,R52V,1.2754,52,R,V
1038,R52W,1.1878,52,R,W
1039,R52Y,1.15,52,R,Y
1040,N53A,0.1349,53,N,A
1041,N53C,-0.1196,53,N,C
1042,N53D,0.2093,53,N,D
1043,N53E,0.2029,53,N,E
1044,N53F,0.0245,53,N,F
1045,N53G,0.3449,53,N,G
1046,N53H,-0.0527,53,N,H
1047,N53I,-0.049,53,N,I
1048,N53K,-0.0445,53,N,K
1049,N53L,0.0309,53,N,L
1050,N53M,0.113,53,N,M
1051,N53N,0.0,53,N,N
1052,N53P,0.3908,53,N,P
1053,N53Q,0.0558,53,N,Q
1054,N53R,-0.0301,53,N,R
1055,N53S,-0.0983,53,N,S
1056,N53T,-0.2017,53,N,T
1057,N53V,-0.0215,53,N,V
1058,N53W,0.0849,53,N,W
1059,N53Y,0.0059,53,N,Y
1060,C54A,0.2277,54,C,A
1061,C54C,0.0,54,C,C
1062,C54D,1.2286,54,C,D
1063,C54E,1.2978,54,C,E
1064,C54F,0.4926,54,C,F
1065,C54G,0.6336,54,C,G
1066,C54H,0.622,54,C,H
1067,C54I,0.5499,54,C,I
1068,C54K,0.8424,54,C,K
1069,C54L,0.4854,54,C,L
1070,C54M,0.4012,54,C,M
1071,C54N,0.6512,54,C,N
1072,C54P,1.4793,54,C,P
1073,C54Q,0.743,54,C,Q
1074,C54R,0.6866,54,C,R
1075,C54S,-0.2585,54,C,S
1076,C54T,-0.811,54,C,T
1077,C54V,0.3603,54,C,V
1078,C54W,0.8475,54,C,W
1079,C54Y,0.5544,54,C,Y
1080,N55A,0.7217,55,N,A
1081,N55C,0.0573,55,N,C
1082,N55D,0.3933,55,N,D
1083,N55E,0.6436,55,N,E
1084,N55F,0.606,55,N,F
1085,N55G,0.1675,55,N,G
1086,N55H,0.4607,55,N,H
1087,N55I,1.1307,55,N,I
1088,N55K,0.6395,55,N,K
1089,N55L,0.5733,55,N,L
1090,N55M,0.5081,55,N,M
1091,N55N,0.0,55,N,N
1092,N55P,1.9649,55,N,P
1093,N55Q,0.5987,55,N,Q
1094,N55R,0.8122,55,N,R
1095,N55S,0.5986,55,N,S
1096,N55T,1.095,55,N,T
1097,N55V,1.1411,55,N,V
1098,N55W,0.676,55,N,W
1099,N55Y,0.7361,55,N,Y
1100,G56A,1.536,56,G,A
1101,G56C,0.9392,56,G,C
1102,G56D,2.1216,56,G,D
1103,G56E,2.3653,56,G,E
1104,G56F,1.0441,56,G,F
1105,G56G,0.0,56,G,G
1106,G56H,1.6932,56,G,H
1107,G56I,1.768,56,G,I
1108,G56K,2.1329,56,G,K
1109,G56L,1.5407,56,G,L
1110,G56M,1.483,56,G,M
1111,G56N,1.8746,56,G,N
1112,G56P,2.5569,56,G,P
1113,G56Q,1.9402,56,G,Q
1114,G56R,2.1335,56,G,R
1115,G56S,1.6912,56,G,S
1116,G56T,2.0441,56,G,T
1117,G56V,1.7015,56,G,V
1118,G56W,1.0984,56,G,W
1119,G56Y,1.3286,56,G,Y
1120,V57A,0.9913,57,V,A
1121,V57C,0.1237,57,V,C
1122,V57D,1.5264,57,V,D
1123,V57E,0.5945,57,V,E
1124,V57F,0.3647,57,V,F
1125,V57G,1.5551,57,V,G
1126,V57H,0.7228,57,V,H
1127,V57I,-0.0791,57,V,I
1128,V57K,0.6971,57,V,K
1129,V57L,0.1865,57,V,L
1130,V57M,0.2789,57,V,M
1131,V57N,1.2425,57,V,N
1132,V57P,2.021,57,V,P
1133,V57Q,0.5712,57,V,Q
1134,V57R,0.7578,57,V,R
1135,V57S,0.9989,57,V,S
1136,V57T,0.5249,57,V,T
1137,V57V,0.0,57,V,V
1138,V57W,0.4721,57,V,W
1139,V57Y,0.405,57,V,Y
1140,I58A,2.1541,58,I,A
1141,I58C,1.5862,58,I,C
1142,I58D,3.1794,58,I,D
1143,I58E,2.9883,58,I,E
1144,I58F,1.348,58,I,F
1145,I58G,2.8563,58,I,G
1146,I58H,2.6103,58,I,H
1147,I58I,0.0,58,I,I
1148,I58K,2.7722,58,I,K
1149,I58L,0.8324,58,I,L
1150,I58M,1.275,58,I,M
1151,I58N,2.9473,58,I,N
1152,I58P,3.0944,58,I,P
1153,I58Q,2.7998,58,I,Q
1154,I58R,2.7365,58,I,R
1155,I58S,2.8984,58,I,S
1156,I58T,2.5093,58,I,T
1157,I58V,0.8855,58,I,V
1158,I58W,1.9265,58,I,W
1159,I58Y,1.8647,58,I,Y
1160,T59A,1.4688,59,T,A
1161,T59C,1.1334,59,T,C
1162,T59D,0.9862,59,T,D
1163,T59E,1.3612,59,T,E
1164,T59F,1.7904,59,T,F
1165,T59G,1.444,59,T,G
1166,T59H,1.4382,59,T,H
1167,T59I,1.7683,59,T,I
1168,T59K,1.5441,59,T,K
1169,T59L,1.5067,59,T,L
1170,T59M,1.5613,59,T,M
1171,T59N,0.9279,59,T,N
1172,T59P,1.9257,59,T,P
1173,T59Q,1.5117,59,T,Q
1174,T59R,1.5609,59,T,R
1175,T59S,0.4714,59,T,S
1176,T59T,0.0,59,T,T
1177,T59V,1.7476,59,T,V
1178,T59W,1.8103,59,T,W
1179,T59Y,1.7433,59,T,Y
1180,K60A,0.3432,60,K,A
1181,K60C,0.0563,60,K,C
1182,K60D,1.171,60,K,D
1183,K60E,0.4578,60,K,E
1184,K60F,-0.1445,60,K,F
1185,K60G,1.0069,60,K,G
1186,K60H,0.2922,60,K,H
1187,K60I,-0.153,60,K,I
1188,K60K,0.0,60,K,K
1189,K60L,-0.0504,60,K,L
1190,K60M,0.011,60,K,M
1191,K60N,0.7878,60,K,N
1192,K60P,0.6426,60,K,P
1193,K60Q,0.2594,60,K,Q
1194,K60R,0.0368,60,K,R
1195,K60S,0.6416,60,K,S
1196,K60T,0.5383,60,K,T
1197,K60V,-0.0256,60,K,V
1198,K60W,0.1238,60,K,W
1199,K60Y,-0.0044,60,K,Y
1200,D61A,0.0082,61,D,A
1201,D61C,-0.0721,61,D,C
1202,D61D,0.0,61,D,D
1203,D61E,-0.2435,61,D,E
1204,D61F,0.1639,61,D,F
1205,D61G,0.4796,61,D,G
1206,D61H,0.1382,61,D,H
1207,D61I,0.1865,61,D,I
1208,D61K,0.3247,61,D,K
1209,D61L,0.2034,61,D,L
1210,D61M,0.2278,61,D,M
1211,D61N,0.3246,61,D,N
1212,D61P,0.9126,61,D,P
1213,D61Q,0.1051,61,D,Q
1214,D61R,0.297,61,D,R
1215,D61S,0.228,61,D,S
1216,D61T,0.3092,61,D,T
1217,D61V,0.1565,61,D,V
1218,D61W,0.0143,61,D,W
1219,D61Y,0.0236,61,D,Y
1220,E62A,2.027,62,E,A
1221,E62C,1.9158,62,E,C
1222,E62D,1.1684,62,E,D
1223,E62E,0.0,62,E,E
1224,E62F,2.8493,62,E,F
1225,E62G,2.9712,62,E,G
1226,E62H,2.48,62,E,H
1227,E62I,2.4844,62,E,I
1228,E62K,3.209,62,E,K
1229,E62L,2.1688,62,E,L
1230,E62M,1.7511,62,E,M
1231,E62N,2.5383,62,E,N
1232,E62P,3.3211,62,E,P
1233,E62Q,1.2706,62,E,Q
1234,E62R,3.3337,62,E,R
1235,E62S,2.203,62,E,S
1236,E62T,2.1063,62,E,T
1237,E62V,2.5391,62,E,V
1238,E62W,2.2705,62,E,W
1239,E62Y,2.597,62,E,Y
1240,A63A,0.0,63,A,A
1241,A63C,0.6047,63,A,C
1242,A63D,2.203,63,A,D
1243,A63E,1.8973,63,A,E
1244,A63F,0.726,63,A,F
1245,A63G,1.6028,63,A,G
1246,A63H,1.6249,63,A,H
1247,A63I,0.8877,63,A,I
1248,A63K,1.7963,63,A,K
1249,A63L,0.6047,63,A,L
1250,A63M,0.8379,63,A,M
1251,A63N,1.9517,63,A,N
1252,A63P,2.2275,63,A,P
1253,A63Q,1.8663,63,A,Q
1254,A63R,1.7853,63,A,R
1255,A63S,1.3989,63,A,S
1256,A63T,1.7249,63,A,T
1257,A63V,0.8271,63,A,V
1258,A63W,0.8425,63,A,W
1259,A63Y,0.8427,63,A,Y
1260,E64A,1.1386,64,E,A
1261,E64C,0.2585,64,E,C
1262,E64D,0.9125,64,E,D
1263,E64E,0.0,64,E,E
1264,E64F,0.2388,64,E,F
1265,E64G,1.5553,64,E,G
1266,E64H,0.843,64,E,H
1267,E64I,0.7601,64,E,I
1268,E64K,1.3698,64,E,K
1269,E64L,0.2724,64,E,L
1270,E64M,0.2834,64,E,M
1271,E64N,1.171,64,E,N
1272,E64P,2.5003,64,E,P
1273,E64Q,0.6413,64,E,Q
1274,E64R,1.4538,64,E,R
1275,E64S,1.2924,64,E,S
1276,E64T,0.9968,64,E,T
1277,E64V,0.9715,64,E,V
1278,E64W,0.0886,64,E,W
1279,E64Y,0.0782,64,E,Y
1280,K65A,0.2015,65,K,A
1281,K65C,0.1227,65,K,C
1282,K65D,0.9385,65,K,D
1283,K65E,0.5848,65,K,E
1284,K65F,0.2251,65,K,F
1285,K65G,0.8191,65,K,G
1286,K65H,0.4129,65,K,H
1287,K65I,0.2853,65,K,I
1288,K65K,0.0,65,K,K
1289,K65L,0.1811,65,K,L
1290,K65M,0.1389,65,K,M
1291,K65N,0.5512,65,K,N
1292,K65P,2.0349,65,K,P
1293,K65Q,0.2667,65,K,Q
1294,K65R,-0.0843,65,K,R
1295,K65S,0.4695,65,K,S
1296,K65T,0.5325,65,K,T
1297,K65V,0.469,65,K,V
1298,K65W,0.1578,65,K,W
1299,K65Y,0.181,65,K,Y
1300,L66A,1.703,66,L,A
1301,L66C,1.0097,66,L,C
1302,L66D,2.4811,66,L,D
1303,L66E,2.1274,66,L,E
1304,L66F,0.7445,66,L,F
1305,L66G,2.0436,66,L,G
1306,L66H,1.9402,66,L,H
1307,L66I,0.8396,66,L,I
1308,L66K,1.9906,66,L,K
1309,L66L,0.0,66,L,L
1310,L66M,0.4037,66,L,M
1311,L66N,2.2556,66,L,N
1312,L66P,2.4022,66,L,P
1313,L66Q,1.928,66,L,Q
1314,L66R,1.8893,66,L,R
1315,L66S,2.0821,66,L,S
1316,L66T,2.0496,66,L,T
1317,L66V,1.3633,66,L,V
1318,L66W,1.0845,66,L,W
1319,L66Y,1.2866,66,L,Y
1320,F67A,2.2107,67,F,A
1321,F67C,1.3574,67,F,C
1322,F67D,3.0067,67,F,D
1323,F67E,2.6652,67,F,E
1324,F67F,0.0,67,F,F
1325,F67G,2.8552,67,F,G
1326,F67H,2.5457,67,F,H
1327,F67I,1.656,67,F,I
1328,F67K,2.7844,67,F,K
1329,F67L,1.4136,67,F,L
1330,F67M,1.3299,67,F,M
1331,F67N,2.7807,67,F,N
1332,F67P,3.0762,67,F,P
1333,F67Q,2.6753,67,F,Q
1334,F67R,2.5866,67,F,R
1335,F67S,2.5487,67,F,S
1336,F67T,2.4448,67,F,T
1337,F67V,1.8086,67,F,V
1338,F67W,0.926,67,F,W
1339,F67Y,1.1471,67,F,Y
1340,N68A,-0.1507,68,N,A
1341,N68C,-0.3742,68,N,C
1342,N68D,0.4001,68,N,D
1343,N68E,0.0671,68,N,E
1344,N68F,-0.089,68,N,F
1345,N68G,0.4971,68,N,G
1346,N68H,-0.1393,68,N,H
1347,N68I,-0.2236,68,N,I
1348,N68K,-0.3351,68,N,K
1349,N68L,-0.2164,68,N,L
1350,N68M,-0.2659,68,N,M
1351,N68N,0.0,68,N,N
1352,N68P,2.1759,68,N,P
1353,N68Q,-0.2143,68,N,Q
1354,N68R,-0.4509,68,N,R
1355,N68S,0.0408,68,N,S
1356,N68T,-0.027,68,N,T
1357,N68V,-0.1858,68,N,V
1358,N68W,-0.1294,68,N,W
1359,N68Y,-0.2079,68,N,Y
1360,Q69A,-0.0738,69,Q,A
1361,Q69C,-0.1141,69,Q,C
1362,Q69D,0.212,69,Q,D
1363,Q69E,-0.0494,69,Q,E
1364,Q69F,0.2056,69,Q,F
1365,Q69G,0.6096,69,Q,G
1366,Q69H,0.256,69,Q,H
1367,Q69I,0.0114,69,Q,I
1368,Q69K,-0.0414,69,Q,K
1369,Q69L,-0.0512,69,Q,L
1370,Q69M,-0.032,69,Q,M
1371,Q69N,0.2069,69,Q,N
1372,Q69P,1.9167,69,Q,P
1373,Q69Q,0.0,69,Q,Q
1374,Q69R,-0.0943,69,Q,R
1375,Q69S,0.2069,69,Q,S
1376,Q69T,0.3069,69,Q,T
1377,Q69V,0.1936,69,Q,V
1378,Q69W,0.1685,69,Q,W
1379,Q69Y,0.2365,69,Q,Y
1380,D70A,-0.2925,70,D,A
1381,D70C,-0.3974,70,D,C
1382,D70D,0.0,70,D,D
1383,D70E,0.0405,70,D,E
1384,D70F,-0.1925,70,D,F
1385,D70G,0.4334,70,D,G
1386,D70H,-0.147,70,D,H
1387,D70I,-0.1707,70,D,I
1388,D70K,-0.3594,70,D,K
1389,D70L,-0.2758,70,D,L
1390,D70M,-0.4238,70,D,M
1391,D70N,-0.0677,70,D,N
1392,D70P,2.2321,70,D,P
1393,D70Q,-0.3747,70,D,Q
1394,D70R,-0.598,70,D,R
1395,D70S,-0.1442,70,D,S
1396,D70T,0.1032,70,D,T
1397,D70V,0.0198,70,D,V
1398,D70W,-0.2664,70,D,W
1399,D70Y,-0.1796,70,D,Y
1400,V71A,1.3418,71,V,A
1401,V71C,0.6182,71,V,C
1402,V71D,2.4645,71,V,D
1403,V71E,2.1795,71,V,E
1404,V71F,0.9185,71,V,F
1405,V71G,1.9804,71,V,G
1406,V71H,1.824,71,V,H
1407,V71I,0.0166,71,V,I
1408,V71K,1.7097,71,V,K
1409,V71L,-0.0336,71,V,L
1410,V71M,0.6309,71,V,M
1411,V71N,2.0666,71,V,N
1412,V71P,2.4655,71,V,P
1413,V71Q,1.8709,71,V,Q
1414,V71R,1.6794,71,V,R
1415,V71S,1.8227,71,V,S
1416,V71T,1.2691,71,V,T
1417,V71V,0.0,71,V,V
1418,V71W,1.0244,71,V,W
1419,V71Y,1.0531,71,V,Y
1420,D72A,-0.1296,72,D,A
1421,D72C,-0.2097,72,D,C
1422,D72D,0.0,72,D,D
1423,D72E,-0.1824,72,D,E
1424,D72F,0.1604,72,D,F
1425,D72G,0.6315,72,D,G
1426,D72H,0.2376,72,D,H
1427,D72I,0.0554,72,D,I
1428,D72K,0.1379,72,D,K
1429,D72L,-0.0285,72,D,L
1430,D72M,-0.0068,72,D,M
1431,D72N,0.2256,72,D,N
1432,D72P,2.1563,72,D,P
1433,D72Q,0.0408,72,D,Q
1434,D72R,0.029,72,D,R
1435,D72S,0.1472,72,D,S
1436,D72T,0.2815,72,D,T
1437,D72V,0.1665,72,D,V
1438,D72W,0.0313,72,D,W
1439,D72Y,0.1318,72,D,Y
1440,A73A,0.0,73,A,A
1441,A73C,0.0602,73,A,C
1442,A73D,0.3303,73,A,D
1443,A73E,0.1316,73,A,E
1444,A73F,0.4271,73,A,F
1445,A73G,0.6575,73,A,G
1446,A73H,0.3564,73,A,H
1447,A73I,0.294,73,A,I
1448,A73K,0.0493,73,A,K
1449,A73L,0.1681,73,A,L
1450,A73M,0.1604,73,A,M
1451,A73N,0.2113,73,A,N
1452,A73P,2.3453,73,A,P
1453,A73Q,0.1448,73,A,Q
1454,A73R,0.0257,73,A,R
1455,A73S,0.2576,73,A,S
1456,A73T,0.4548,73,A,T
1457,A73V,0.4478,73,A,V
1458,A73W,0.4301,73,A,W
1459,A73Y,0.4271,73,A,Y
1460,A74A,0.0,74,A,A
1461,A74C,0.3205,74,A,C
1462,A74D,1.5088,74,A,D
1463,A74E,1.1763,74,A,E
1464,A74F,0.6302,74,A,F
1465,A74G,1.1413,74,A,G
1466,A74H,1.0645,74,A,H
1467,A74I,0.3234,74,A,I
1468,A74K,0.7913,74,A,K
1469,A74L,0.3816,74,A,L
1470,A74M,0.3327,74,A,M
1471,A74N,1.245,74,A,N
1472,A74P,1.9628,74,A,P
1473,A74Q,0.8369,74,A,Q
1474,A74R,0.7791,74,A,R
1475,A74S,0.5133,74,A,S
1476,A74T,0.6749,74,A,T
1477,A74V,0.4075,74,A,V
1478,A74W,0.5598,74,A,W
1479,A74Y,0.6008,74,A,Y
1480,V75A,1.2489,75,V,A
1481,V75C,0.2605,75,V,C
1482,V75D,2.1404,75,V,D
1483,V75E,1.2679,75,V,E
1484,V75F,0.2595,75,V,F
1485,V75G,2.0017,75,V,G
1486,V75H,1.0758,75,V,H
1487,V75I,-0.2494,75,V,I
1488,V75K,1.1691,75,V,K
1489,V75L,-0.0275,75,V,L
1490,V75M,0.3109,75,V,M
1491,V75N,1.7258,75,V,N
1492,V75P,2.6207,75,V,P
1493,V75Q,1.1501,75,V,Q
1494,V75R,1.2063,75,V,R
1495,V75S,1.6128,75,V,S
1496,V75T,1.0581,75,V,T
1497,V75V,0.0,75,V,V
1498,V75W,0.4718,75,V,W
1499,V75Y,0.3388,75,V,Y
1500,R76A,0.1032,76,R,A
1501,R76C,0.0031,76,R,C
1502,R76D,0.4031,76,R,D
1503,R76E,0.1888,76,R,E
1504,R76F,0.301,76,R,F
1505,R76G,0.7566,76,R,G
1506,R76H,0.3172,76,R,H
1507,R76I,0.2215,76,R,I
1508,R76K,0.0632,76,R,K
1509,R76L,0.0941,76,R,L
1510,R76M,0.1001,76,R,M
1511,R76N,0.2267,76,R,N
1512,R76P,2.2559,76,R,P
1513,R76Q,0.1406,76,R,Q
1514,R76R,0.0,76,R,R
1515,R76S,0.2874,76,R,S
1516,R76T,0.3217,76,R,T
1517,R76V,0.3859,76,R,V
1518,R76W,0.2634,76,R,W
1519,R76Y,0.2507,76,R,Y
1520,G77A,-0.3651,77,G,A
1521,G77C,-0.0261,77,G,C
1522,G77D,0.7002,77,G,D
1523,G77E,0.7101,77,G,E
1524,G77F,0.5932,77,G,F
1525,G77G,0.0,77,G,G
1526,G77H,0.4523,77,G,H
1527,G77I,0.4217,77,G,I
1528,G77K,0.3643,77,G,K
1529,G77L,0.4445,77,G,L
1530,G77M,0.2661,77,G,M
1531,G77N,0.5181,77,G,N
1532,G77P,2.0777,77,G,P
1533,G77Q,0.3533,77,G,Q
1534,G77R,0.3594,77,G,R
1535,G77S,0.0071,77,G,S
1536,G77T,0.5351,77,G,T
1537,G77V,0.5066,77,G,V
1538,G77W,0.5116,77,G,W
1539,G77Y,0.5757,77,G,Y
1540,I78A,2.2344,78,I,A
1541,I78C,1.7425,78,I,C
1542,I78D,3.0968,78,I,D
1543,I78E,3.0004,78,I,E
1544,I78F,1.8403,78,I,F
1545,I78G,3.0082,78,I,G
1546,I78H,2.9709,78,I,H
1547,I78I,0.0,78,I,I
1548,I78K,2.8514,78,I,K
1549,I78L,0.6542,78,I,L
1550,I78M,1.4808,78,I,M
1551,I78N,2.9839,78,I,N
1552,I78P,2.8978,78,I,P
1553,I78Q,2.9651,78,I,Q
1554,I78R,2.8801,78,I,R
1555,I78S,2.9778,78,I,S
1556,I78T,2.4382,78,I,T
1557,I78V,0.8337,78,I,V
1558,I78W,2.212,78,I,W
1559,I78Y,2.2177,78,I,Y
1560,L79A,1.2085,79,L,A
1561,L79C,0.6398,79,L,C
1562,L79D,1.8462,79,L,D
1563,L79E,1.3302,79,L,E
1564,L79F,0.8722,79,L,F
1565,L79G,1.769,79,L,G
1566,L79H,1.269,79,L,H
1567,L79I,0.767,79,L,I
1568,L79K,1.0109,79,L,K
1569,L79L,0.0,79,L,L
1570,L79M,0.4914,79,L,M
1571,L79N,1.4882,79,L,N
1572,L79P,2.8383,79,L,P
1573,L79Q,1.1648,79,L,Q
1574,L79R,0.9509,79,L,R
1575,L79S,1.6147,79,L,S
1576,L79T,1.2969,79,L,T
1577,L79V,1.1357,79,L,V
1578,L79W,0.9842,79,L,W
1579,L79Y,1.0069,79,L,Y
1580,R80A,0.1099,80,R,A
1581,R80C,0.2296,80,R,C
1582,R80D,0.6072,80,R,D
1583,R80E,0.4615,80,R,E
1584,R80F,0.6022,80,R,F
1585,R80G,0.5836,80,R,G
1586,R80H,0.3723,80,R,H
1587,R80I,0.5929,80,R,I
1588,R80K,0.0913,80,R,K
1589,R80L,0.4136,80,R,L
1590,R80M,0.3953,80,R,M
1591,R80N,0.2143,80,R,N
1592,R80P,2.4146,80,R,P
1593,R80Q,0.3245,80,R,Q
1594,R80R,0.0,80,R,R
1595,R80S,0.2541,80,R,S
1596,R80T,0.4828,80,R,T
1597,R80V,0.7063,80,R,V
1598,R80W,0.6759,80,R,W
1599,R80Y,0.5711,80,R,Y
1600,N81A,1.919,81,N,A
1601,N81C,1.1775,81,N,C
1602,N81D,1.3799,81,N,D
1603,N81E,2.4555,81,N,E
1604,N81F,2.0034,81,N,F
1605,N81G,2.1457,81,N,G
1606,N81H,1.4993,81,N,H
1607,N81I,2.276,81,N,I
1608,N81K,1.9055,81,N,K
1609,N81L,1.8317,81,N,L
1610,N81M,1.9727,81,N,M
1611,N81N,0.0,81,N,N
1612,N81P,3.0597,81,N,P
1613,N81Q,2.1944,81,N,Q
1614,N81R,1.7509,81,N,R
1615,N81S,0.9441,81,N,S
1616,N81T,1.947,81,N,T
1617,N81V,2.0644,81,N,V
1618,N81W,2.2221,81,N,W
1619,N81Y,2.1518,81,N,Y
1620,A82A,0.0,82,A,A
1621,A82C,-0.0363,82,A,C
1622,A82D,-0.1059,82,A,D
1623,A82E,-0.0418,82,A,E
1624,A82F,0.4052,82,A,F
1625,A82G,0.319,82,A,G
1626,A82H,0.2064,82,A,H
1627,A82I,0.2756,82,A,I
1628,A82K,0.1563,82,A,K
1629,A82L,0.1425,82,A,L
1630,A82M,0.288,82,A,M
1631,A82N,0.1059,82,A,N
1632,A82P,-0.0942,82,A,P
1633,A82Q,0.0528,82,A,Q
1634,A82R,0.2755,82,A,R
1635,A82S,0.0262,82,A,S
1636,A82T,0.2118,82,A,T
1637,A82V,0.227,82,A,V
1638,A82W,0.3341,82,A,W
1639,A82Y,0.4322,82,A,Y
1640,K83A,0.7023,83,K,A
1641,K83C,0.3347,83,K,C
1642,K83D,1.506,83,K,D
1643,K83E,1.0729,83,K,E
1644,K83F,0.6107,83,K,F
1645,K83G,1.3627,83,K,G
1646,K83H,0.6616,83,K,H
1647,K83I,-0.3002,83,K,I
1648,K83K,0.0,83,K,K
1649,K83L,0.2517,83,K,L
1650,K83M,0.2955,83,K,M
1651,K83N,0.9565,83,K,N
1652,K83P,1.9842,83,K,P
1653,K83Q,0.356,83,K,Q
1654,K83R,0.078,83,K,R
1655,K83S,0.7821,83,K,S
1656,K83T,0.4311,83,K,T
1657,K83V,-0.0307,83,K,V
1658,K83W,0.8205,83,K,W
1659,K83Y,0.7032,83,K,Y
1660,L84A,3.1974,84,L,A
1661,L84C,2.1287,84,L,C
1662,L84D,3.3839,84,L,D
1663,L84E,3.5698,84,L,E
1664,L84F,2.0796,84,L,F
1665,L84G,3.6972,84,L,G
1666,L84H,3.3838,84,L,H
1667,L84I,1.5242,84,L,I
1668,L84K,3.0192,84,L,K
1669,L84L,0.0,84,L,L
1670,L84M,1.4377,84,L,M
1671,L84N,3.3201,84,L,N
1672,L84P,3.701,84,L,P
1673,L84Q,3.4071,84,L,Q
1674,L84R,2.8249,84,L,R
1675,L84S,3.4063,84,L,S
1676,L84T,3.1768,84,L,T
1677,L84V,2.4608,84,L,V
1678,L84W,2.639,84,L,W
1679,L84Y,2.6689,84,L,Y
1680,K85A,0.4642,85,K,A
1681,K85C,1.0453,85,K,C
1682,K85D,2.7476,85,K,D
1683,K85E,1.4929,85,K,E
1684,K85F,1.7285,85,K,F
1685,K85G,1.6482,85,K,G
1686,K85H,1.2697,85,K,H
1687,K85I,1.4466,85,K,I
1688,K85K,0.0,85,K,K
1689,K85L,1.1589,85,K,L
1690,K85M,0.8912,85,K,M
1691,K85N,1.7057,85,K,N
1692,K85P,2.6608,85,K,P
1693,K85Q,0.5145,85,K,Q
1694,K85R,0.049,85,K,R
1695,K85S,1.1189,85,K,S
1696,K85T,1.4211,85,K,T
1697,K85V,1.5209,85,K,V
1698,K85W,1.548,85,K,W
1699,K85Y,1.5929,85,K,Y
1700,P86A,0.8757,86,P,A
1701,P86C,0.5326,86,P,C
1702,P86D,1.1508,86,P,D
1703,P86E,1.0202,86,P,E
1704,P86F,0.7081,86,P,F
1705,P86G,0.7629,86,P,G
1706,P86H,0.9717,86,P,H
1707,P86I,0.7222,86,P,I
1708,P86K,0.8107,86,P,K
1709,P86L,0.6031,86,P,L
1710,P86M,0.7485,86,P,M
1711,P86N,1.0588,86,P,N
1712,P86P,0.0,86,P,P
1713,P86Q,1.0474,86,P,Q
1714,P86R,0.7959,86,P,R
1715,P86S,0.9787,86,P,S
1716,P86T,0.9821,86,P,T
1717,P86V,0.8179,86,P,V
1718,P86W,0.5597,86,P,W
1719,P86Y,0.6086,86,P,Y
1720,V87A,1.7391,87,V,A
1721,V87C,1.1071,87,V,C
1722,V87D,2.3171,87,V,D
1723,V87E,2.15,87,V,E
1724,V87F,1.7042,87,V,F
1725,V87G,2.3233,87,V,G
1726,V87H,2.3798,87,V,H
1727,V87I,0.326,87,V,I
1728,V87K,2.1991,87,V,K
1729,V87L,0.5654,87,V,L
1730,V87M,1.3105,87,V,M
1731,V87N,2.364,87,V,N
1732,V87P,2.1592,87,V,P
1733,V87Q,2.1642,87,V,Q
1734,V87R,2.2885,87,V,R
1735,V87S,2.2781,87,V,S
1736,V87T,1.588,87,V,T
1737,V87V,0.0,87,V,V
1738,V87W,1.9747,87,V,W
1739,V87Y,2.0964,87,V,Y
1740,Y88A,2.4688,88,Y,A
1741,Y88C,2.0338,88,Y,C
1742,Y88D,3.1884,88,Y,D
1743,Y88E,3.0441,88,Y,E
1744,Y88F,0.4164,88,Y,F
1745,Y88G,2.6954,88,Y,G
1746,Y88H,2.1671,88,Y,H
1747,Y88I,2.1892,88,Y,I
1748,Y88K,2.9924,88,Y,K
1749,Y88L,1.881,88,Y,L
1750,Y88M,1.9015,88,Y,M
1751,Y88N,2.9799,88,Y,N
1752,Y88P,3.1227,88,Y,P
1753,Y88Q,2.8621,88,Y,Q
1754,Y88R,2.6717,88,Y,R
1755,Y88S,3.0058,88,Y,S
1756,Y88T,3.0219,88,Y,T
1757,Y88V,2.4426,88,Y,V
1758,Y88W,0.4499,88,Y,W
1759,Y88Y,0.0,88,Y,Y
1760,D89A,0.5051,89,D,A
1761,D89C,0.1067,89,D,C
1762,D89D,0.0,89,D,D
1763,D89E,0.0587,89,D,E
1764,D89F,0.4247,89,D,F
1765,D89G,1.0953,89,D,G
1766,D89H,0.4965,89,D,H
1767,D89I,0.4616,89,D,I
1768,D89K,0.6737,89,D,K
1769,D89L,0.1978,89,D,L
1770,D89M,0.3207,89,D,M
1771,D89N,0.3674,89,D,N
1772,D89P,2.593,89,D,P
1773,D89Q,0.3297,89,D,Q
1774,D89R,0.6443,89,D,R
1775,D89S,0.6005,89,D,S
1776,D89T,0.5553,89,D,T
1777,D89V,0.5916,89,D,V
1778,D89W,0.4609,89,D,W
1779,D89Y,0.4758,89,D,Y
1780,S90A,0.5322,90,S,A
1781,S90C,0.6507,90,S,C
1782,S90D,1.5195,90,S,D
1783,S90E,1.4114,90,S,E
1784,S90F,1.3112,90,S,F
1785,S90G,1.0277,90,S,G
1786,S90H,1.2726,90,S,H
1787,S90I,1.3499,90,S,I
1788,S90K,1.2651,90,S,K
1789,S90L,1.5226,90,S,L
1790,S90M,1.0682,90,S,M
1791,S90N,1.2735,90,S,N
1792,S90P,2.291,90,S,P
1793,S90Q,1.1754,90,S,Q
1794,S90R,1.1778,90,S,R
1795,S90S,0.0,90,S,S
1796,S90T,0.6686,90,S,T
1797,S90V,1.4175,90,S,V
1798,S90W,1.3008,90,S,W
1799,S90Y,1.4807,90,S,Y
1800,L91A,1.7918,91,L,A
1801,L91C,1.1492,91,L,C
1802,L91D,2.1797,91,L,D
1803,L91E,2.0448,91,L,E
1804,L91F,0.9603,91,L,F
1805,L91G,2.3387,91,L,G
1806,L91H,2.1238,91,L,H
1807,L91I,1.0059,91,L,I
1808,L91K,2.2293,91,L,K
1809,L91L,0.0,91,L,L
1810,L91M,0.6613,91,L,M
1811,L91N,2.3702,91,L,N
1812,L91P,2.3416,91,L,P
1813,L91Q,1.9782,91,L,Q
1814,L91R,2.2356,91,L,R
1815,L91S,2.1107,91,L,S
1816,L91T,1.8796,91,L,T
1817,L91V,1.3664,91,L,V
1818,L91W,1.3985,91,L,W
1819,L91Y,1.5853,91,L,Y
1820,D92A,2.018,92,D,A
1821,D92C,1.3794,92,D,C
1822,D92D,0.0,92,D,D
1823,D92E,1.8225,92,D,E
1824,D92F,2.0244,92,D,F
1825,D92G,1.991,92,D,G
1826,D92H,1.8879,92,D,H
1827,D92I,2.2875,92,D,I
1828,D92K,2.2237,92,D,K
1829,D92L,2.2029,92,D,L
1830,D92M,2.2713,92,D,M
1831,D92N,0.9736,92,D,N
1832,D92P,2.2254,92,D,P
1833,D92Q,2.2116,92,D,Q
1834,D92R,2.1604,92,D,R
1835,D92S,1.2794,92,D,S
1836,D92T,1.8836,92,D,T
1837,D92V,2.5565,92,D,V
1838,D92W,2.1046,92,D,W
1839,D92Y,2.3382,92,D,Y
1840,A93A,0.0,93,A,A
1841,A93C,-0.0555,93,A,C
1842,A93D,0.135,93,A,D
1843,A93E,-0.0296,93,A,E
1844,A93F,0.0356,93,A,F
1845,A93G,0.319,93,A,G
1846,A93H,0.0548,93,A,H
1847,A93I,0.093,93,A,I
1848,A93K,0.1491,93,A,K
1849,A93L,0.0967,93,A,L
1850,A93M,0.1752,93,A,M
1851,A93N,0.2477,93,A,N
1852,A93P,0.2299,93,A,P
1853,A93Q,0.1569,93,A,Q
1854,A93R,0.1105,93,A,R
1855,A93S,0.1817,93,A,S
1856,A93T,0.2429,93,A,T
1857,A93V,0.1184,93,A,V
1858,A93W,0.0094,93,A,W
1859,A93Y,-0.0333,93,A,Y
1860,V94A,1.7661,94,V,A
1861,V94C,1.1605,94,V,C
1862,V94D,3.1355,94,V,D
1863,V94E,2.6013,94,V,E
1864,V94F,1.8166,94,V,F
1865,V94G,3.0772,94,V,G
1866,V94H,2.5751,94,V,H
1867,V94I,0.3266,94,V,I
1868,V94K,2.3842,94,V,K
1869,V94L,1.2961,94,V,L
1870,V94M,1.6386,94,V,M
1871,V94N,3.0239,94,V,N
1872,V94P,2.276,94,V,P
1873,V94Q,2.3785,94,V,Q
1874,V94R,2.4494,94,V,R
1875,V94S,2.3421,94,V,S
1876,V94T,1.4024,94,V,T
1877,V94V,0.0,94,V,V
1878,V94W,2.0536,94,V,W
1879,V94Y,2.0872,94,V,Y
1880,R95A,1.497,95,R,A
1881,R95C,1.3239,95,R,C
1882,R95D,2.0787,95,R,D
1883,R95E,2.0594,95,R,E
1884,R95F,1.5564,95,R,F
1885,R95G,1.9758,95,R,G
1886,R95H,1.1125,95,R,H
1887,R95I,1.7374,95,R,I
1888,R95K,0.3259,95,R,K
1889,R95L,1.2612,95,R,L
1890,R95M,1.429,95,R,M
1891,R95N,1.5144,95,R,N
1892,R95P,1.7138,95,R,P
1893,R95Q,1.1609,95,R,Q
1894,R95R,0.0,95,R,R
1895,R95S,1.714,95,R,S
1896,R95T,2.0204,95,R,T
1897,R95V,1.4996,95,R,V
1898,R95W,1.4966,95,R,W
1899,R95Y,1.367,95,R,Y
1900,R96A,1.862,96,R,A
1901,R96C,1.7527,96,R,C
1902,R96D,3.8157,96,R,D
1903,R96E,2.7614,96,R,E
1904,R96F,1.4784,96,R,F
1905,R96G,2.3713,96,R,G
1906,R96H,1.8293,96,R,H
1907,R96I,2.1375,96,R,I
1908,R96K,0.4429,96,R,K
1909,R96L,1.5614,96,R,L
1910,R96M,1.1297,96,R,M
1911,R96N,2.7442,96,R,N
1912,R96P,3.4475,96,R,P
1913,R96Q,1.1012,96,R,Q
1914,R96R,0.0,96,R,R
1915,R96S,2.4885,96,R,S
1916,R96T,2.6498,96,R,T
1917,R96V,2.4079,96,R,V
1918,R96W,1.6218,96,R,W
1919,R96Y,1.5269,96,R,Y
1920,C97A,0.1822,97,C,A
1921,C97C,0.0,97,C,C
1922,C97D,1.8004,97,C,D
1923,C97E,1.8593,97,C,E
1924,C97F,-0.0201,97,C,F
1925,C97G,0.7439,97,C,G
1926,C97H,0.8356,97,C,H
1927,C97I,0.6872,97,C,I
1928,C97K,1.7085,97,C,K
1929,C97L,0.0712,97,C,L
1930,C97M,0.035,97,C,M
1931,C97N,1.2623,97,C,N
1932,C97P,2.6454,97,C,P
1933,C97Q,1.339,97,C,Q
1934,C97R,1.5792,97,C,R
1935,C97S,1.0524,97,C,S
1936,C97T,1.1189,97,C,T
1937,C97V,0.8725,97,C,V
1938,C97W,0.3761,97,C,W
1939,C97Y,-0.0421,97,C,Y
1940,A98A,0.0,98,A,A
1941,A98C,0.5764,98,A,C
1942,A98D,2.2267,98,A,D
1943,A98E,2.0513,98,A,E
1944,A98F,0.8081,98,A,F
1945,A98G,1.0882,98,A,G
1946,A98H,1.6542,98,A,H
1947,A98I,1.0122,98,A,I
1948,A98K,1.718,98,A,K
1949,A98L,0.6287,98,A,L
1950,A98M,0.8093,98,A,M
1951,A98N,1.9569,98,A,N
1952,A98P,2.2595,98,A,P
1953,A98Q,1.7594,98,A,Q
1954,A98R,1.6868,98,A,R
1955,A98S,1.3412,98,A,S
1956,A98T,1.7892,98,A,T
1957,A98V,1.0125,98,A,V
1958,A98W,0.9201,98,A,W
1959,A98Y,1.0276,98,A,Y
1960,L99A,2.9224,99,L,A
1961,L99C,1.8562,99,L,C
1962,L99D,3.1326,99,L,D
1963,L99E,3.2355,99,L,E
1964,L99F,1.364,99,L,F
1965,L99G,3.2529,99,L,G
1966,L99H,3.1897,99,L,H
1967,L99I,1.1898,99,L,I
1968,L99K,3.1433,99,L,K
1969,L99L,0.0,99,L,L
1970,L99M,1.2297,99,L,M
1971,L99N,3.3528,99,L,N
1972,L99P,2.9136,99,L,P
1973,L99Q,3.2192,99,L,Q
1974,L99R,3.1771,99,L,R
1975,L99S,3.3016,99,L,S
1976,L99T,3.0439,99,L,T
1977,L99V,1.9749,99,L,V
1978,L99W,2.4156,99,L,W
1979,L99Y,2.3214,99,L,Y
1980,I100A,1.8149,100,I,A
1981,I100C,1.3607,100,I,C
1982,I100D,3.1615,100,I,D
1983,I100E,2.5709,100,I,E
1984,I100F,1.4257,100,I,F
1985,I100G,3.0348,100,I,G
1986,I100H,2.2429,100,I,H
1987,I100I,0.0,100,I,I
1988,I100K,2.1619,100,I,K
1989,I100L,0.528,100,I,L
1990,I100M,0.9847,100,I,M
1991,I100N,2.7946,100,I,N
1992,I100P,3.5388,100,I,P
1993,I100Q,2.2109,100,I,Q
1994,I100R,2.0813,100,I,R
1995,I100S,2.5276,100,I,S
1996,I100T,1.7871,100,I,T
1997,I100V,0.706,100,I,V
1998,I100W,1.4649,100,I,W
1999,I100Y,1.4559,100,I,Y
2000,N101A,0.7277,101,N,A
2001,N101C,0.507,101,N,C
2002,N101D,0.9651,101,N,D
2003,N101E,1.3765,101,N,E
2004,N101F,0.8119,101,N,F
2005,N101G,0.922,101,N,G
2006,N101H,0.403,101,N,H
2007,N101I,0.8178,101,N,I
2008,N101K,0.5986,101,N,K
2009,N101L,0.6619,101,N,L
2010,N101M,0.7394,101,N,M
2011,N101N,0.0,101,N,N
2012,N101P,2.1207,101,N,P
2013,N101Q,0.8568,101,N,Q
2014,N101R,0.2572,101,N,R
2015,N101S,0.4024,101,N,S
2016,N101T,0.7928,101,N,T
2017,N101V,0.7467,101,N,V
2018,N101W,0.6739,101,N,W
2019,N101Y,0.7166,101,N,Y
2020,M102A,2.3184,102,M,A
2021,M102C,1.2904,102,M,C
2022,M102D,3.629,102,M,D
2023,M102E,3.2098,102,M,E
2024,M102F,1.3759,102,M,F
2025,M102G,3.1825,102,M,G
2026,M102H,2.9401,102,M,H
2027,M102I,0.5778,102,M,I
2028,M102K,2.9132,102,M,K
2029,M102L,-0.1788,102,M,L
2030,M102M,0.0,102,M,M
2031,M102N,3.2012,102,M,N
2032,M102P,3.7166,102,M,P
2033,M102Q,2.5424,102,M,Q
2034,M102R,2.6686,102,M,R
2035,M102S,2.7825,102,M,S
2036,M102T,2.4792,102,M,T
2037,M102V,0.9916,102,M,V
2038,M102W,2.0006,102,M,W
2039,M102Y,2.3213,102,M,Y
2040,V103A,2.1321,103,V,A
2041,V103C,1.3321,103,V,C
2042,V103D,2.7941,103,V,D
2043,V103E,2.7726,103,V,E
2044,V103F,1.9166,103,V,F
2045,V103G,2.6659,103,V,G
2046,V103H,2.6648,103,V,H
2047,V103I,0.6472,103,V,I
2048,V103K,2.8583,103,V,K
2049,V103L,1.1633,103,V,L
2050,V103M,1.8211,103,V,M
2051,V103N,2.7876,103,V,N
2052,V103P,2.9229,103,V,P
2053,V103Q,2.8185,103,V,Q
2054,V103R,2.8065,103,V,R
2055,V103S,2.8144,103,V,S
2056,V103T,2.2575,103,V,T
2057,V103V,0.0,103,V,V
2058,V103W,2.3795,103,V,W
2059,V103Y,2.3026,103,V,Y
2060,F104A,1.3482,104,F,A
2061,F104C,0.7422,104,F,C
2062,F104D,2.0305,104,F,D
2063,F104E,1.8198,104,F,E
2064,F104F,0.0,104,F,F
2065,F104G,1.7668,104,F,G
2066,F104H,0.9316,104,F,H
2067,F104I,0.4609,104,F,I
2068,F104K,0.8712,104,F,K
2069,F104L,-0.0259,104,F,L
2070,F104M,0.1942,104,F,M
2071,F104N,1.3797,104,F,N
2072,F104P,1.5839,104,F,P
2073,F104Q,1.2715,104,F,Q
2074,F104R,0.5313,104,F,R
2075,F104S,1.5511,104,F,S
2076,F104T,1.4147,104,F,T
2077,F104V,0.912,104,F,V
2078,F104W,0.4117,104,F,W
2079,F104Y,0.2697,104,F,Y
2080,Q105A,0.3407,105,Q,A
2081,Q105C,0.1555,105,Q,C
2082,Q105D,0.872,105,Q,D
2083,Q105E,0.6604,105,Q,E
2084,Q105F,0.1327,105,Q,F
2085,Q105G,1.1425,105,Q,G
2086,Q105H,0.0867,105,Q,H
2087,Q105I,0.1169,105,Q,I
2088,Q105K,-0.1833,105,Q,K
2089,Q105L,-0.0191,105,Q,L
2090,Q105M,-0.002,105,Q,M
2091,Q105N,0.462,105,Q,N
2092,Q105P,2.1698,105,Q,P
2093,Q105Q,0.0,105,Q,Q
2094,Q105R,-0.3541,105,Q,R
2095,Q105S,0.473,105,Q,S
2096,Q105T,0.5138,105,Q,T
2097,Q105V,0.3848,105,Q,V
2098,Q105W,0.0887,105,Q,W
2099,Q105Y,0.0595,105,Q,Y
2100,M106A,1.9868,106,M,A
2101,M106C,0.9,106,M,C
2102,M106D,2.7849,106,M,D
2103,M106E,2.231,106,M,E
2104,M106F,0.5551,106,M,F
2105,M106G,2.6166,106,M,G
2106,M106H,1.7918,106,M,H
2107,M106I,0.7137,106,M,I
2108,M106K,2.2282,106,M,K
2109,M106L,-0.0264,106,M,L
2110,M106M,0.0,106,M,M
2111,M106N,2.2559,106,M,N
2112,M106P,2.7115,106,M,P
2113,M106Q,1.9055,106,M,Q
2114,M106R,1.8945,106,M,R
2115,M106S,2.1907,106,M,S
2116,M106T,1.9037,106,M,T
2117,M106V,1.288,106,M,V
2118,M106W,0.5683,106,M,W
2119,M106Y,0.7115,106,M,Y
2120,G107A,1.3877,107,G,A
2121,G107C,0.843,107,G,C
2122,G107D,1.3041,107,G,D
2123,G107E,1.4653,107,G,E
2124,G107F,1.4809,107,G,F
2125,G107G,0.0,107,G,G
2126,G107H,1.4459,107,G,H
2127,G107I,1.5021,107,G,I
2128,G107K,1.5614,107,G,K
2129,G107L,1.3023,107,G,L
2130,G107M,1.319,107,G,M
2131,G107N,1.1268,107,G,N
2132,G107P,2.1373,107,G,P
2133,G107Q,1.4936,107,G,Q
2134,G107R,1.689,107,G,R
2135,G107S,1.1771,107,G,S
2136,G107T,1.2369,107,G,T
2137,G107V,1.5537,107,G,V
2138,G107W,1.6069,107,G,W
2139,G107Y,1.5855,107,G,Y
2140,E108A,0.4395,108,E,A
2141,E108C,0.0691,108,E,C
2142,E108D,0.3966,108,E,D
2143,E108E,0.0,108,E,E
2144,E108F,0.4688,108,E,F
2145,E108G,0.8277,108,E,G
2146,E108H,0.5048,108,E,H
2147,E108I,-0.1524,108,E,I
2148,E108K,0.9558,108,E,K
2149,E108L,0.1878,108,E,L
2150,E108M,0.3366,108,E,M
2151,E108N,0.7357,108,E,N
2152,E108P,0.6934,108,E,P
2153,E108Q,0.4924,108,E,Q
2154,E108R,0.9906,108,E,R
2155,E108S,0.4333,108,E,S
2156,E108T,0.1166,108,E,T
2157,E108V,-0.1076,108,E,V
2158,E108W,0.526,108,E,W
2159,E108Y,0.4421,108,E,Y
2160,T109A,0.3086,109,T,A
2161,T109C,0.4056,109,T,C
2162,T109D,0.5143,109,T,D
2163,T109E,0.5118,109,T,E
2164,T109F,0.6327,109,T,F
2165,T109G,0.3047,109,T,G
2166,T109H,0.5327,109,T,H
2167,T109I,0.5332,109,T,I
2168,T109K,0.2376,109,T,K
2169,T109L,0.5589,109,T,L
2170,T109M,0.5573,109,T,M
2171,T109N,0.3119,109,T,N
2172,T109P,0.9647,109,T,P
2173,T109Q,0.4241,109,T,Q
2174,T109R,0.2817,109,T,R
2175,T109S,0.0501,109,T,S
2176,T109T,0.0,109,T,T
2177,T109V,0.7,109,T,V
2178,T109W,0.7585,109,T,W
2179,T109Y,0.7604,109,T,Y
2180,G110A,0.0219,110,G,A
2181,G110C,-0.5184,110,G,C
2182,G110D,0.4847,110,G,D
2183,G110E,0.1522,110,G,E
2184,G110F,-0.4497,110,G,F
2185,G110G,0.0,110,G,G
2186,G110H,0.0792,110,G,H
2187,G110I,-0.4194,110,G,I
2188,G110K,0.3088,110,G,K
2189,G110L,-0.4514,110,G,L
2190,G110M,-0.3823,110,G,M
2191,G110N,0.3531,110,G,N
2192,G110P,0.9117,110,G,P
2193,G110Q,0.1903,110,G,Q
2194,G110R,0.2399,110,G,R
2195,G110S,0.2463,110,G,S
2196,G110T,0.0715,110,G,T
2197,G110V,-0.3053,110,G,V
2198,G110W,-0.4339,110,G,W
2199,G110Y,-0.5009,110,G,Y
2200,V111A,1.0327,111,V,A
2201,V111C,0.7701,111,V,C
2202,V111D,2.3882,111,V,D
2203,V111E,2.0367,111,V,E
2204,V111F,1.3034,111,V,F
2205,V111G,2.3206,111,V,G
2206,V111H,2.2468,111,V,H
2207,V111I,0.0736,111,V,I
2208,V111K,2.0855,111,V,K
2209,V111L,0.1942,111,V,L
2210,V111M,0.7062,111,V,M
2211,V111N,2.3756,111,V,N
2212,V111P,2.278,111,V,P
2213,V111Q,1.801,111,V,Q
2214,V111R,2.1543,111,V,R
2215,V111S,1.7881,111,V,S
2216,V111T,0.8702,111,V,T
2217,V111V,0.0,111,V,V
2218,V111W,1.5612,111,V,W
2219,V111Y,1.7005,111,V,Y
2220,A112A,0.0,112,A,A
2221,A112C,0.352,112,A,C
2222,A112D,1.305,112,A,D
2223,A112E,0.8592,112,A,E
2224,A112F,0.8203,112,A,F
2225,A112G,1.0242,112,A,G
2226,A112H,1.0826,112,A,H
2227,A112I,0.6587,112,A,I
2228,A112K,0.9415,112,A,K
2229,A112L,0.6982,112,A,L
2230,A112M,0.5756,112,A,M
2231,A112N,1.2634,112,A,N
2232,A112P,2.0135,112,A,P
2233,A112Q,0.7809,112,A,Q
2234,A112R,0.9633,112,A,R
2235,A112S,0.4109,112,A,S
2236,A112T,0.6903,112,A,T
2237,A112V,0.5834,112,A,V
2238,A112W,0.6801,112,A,W
2239,A112Y,0.8181,112,A,Y
2240,G113A,0.0915,113,G,A
2241,G113C,-0.0037,113,G,C
2242,G113D,0.2247,113,G,D
2243,G113E,0.2183,113,G,E
2244,G113F,0.3378,113,G,F
2245,G113G,0.0,113,G,G
2246,G113H,0.176,113,G,H
2247,G113I,0.3654,113,G,I
2248,G113K,-0.0526,113,G,K
2249,G113L,0.1281,113,G,L
2250,G113M,0.1484,113,G,M
2251,G113N,-0.0079,113,G,N
2252,G113P,2.0552,113,G,P
2253,G113Q,0.0755,113,G,Q
2254,G113R,0.0248,113,G,R
2255,G113S,0.1459,113,G,S
2256,G113T,0.2463,113,G,T
2257,G113V,0.521,113,G,V
2258,G113W,0.5446,113,G,W
2259,G113Y,0.4988,113,G,Y
2260,F114A,2.2765,114,F,A
2261,F114C,0.88,114,F,C
2262,F114D,2.8717,114,F,D
2263,F114E,2.5993,114,F,E
2264,F114F,0.0,114,F,F
2265,F114G,2.6191,114,F,G
2266,F114H,1.8445,114,F,H
2267,F114I,1.5843,114,F,I
2268,F114K,2.1727,114,F,K
2269,F114L,0.774,114,F,L
2270,F114M,1.0851,114,F,M
2271,F114N,2.3173,114,F,N
2272,F114P,2.6351,114,F,P
2273,F114Q,2.2762,114,F,Q
2274,F114R,2.1255,114,F,R
2275,F114S,2.4717,114,F,S
2276,F114T,2.3525,114,F,T
2277,F114V,1.8866,114,F,V
2278,F114W,0.0299,114,F,W
2279,F114Y,0.4352,114,F,Y
2280,T115A,0.3042,115,T,A
2281,T115C,0.1691,115,T,C
2282,T115D,0.3065,115,T,D
2283,T115E,0.1975,115,T,E
2284,T115F,0.3897,115,T,F
2285,T115G,0.3994,115,T,G
2286,T115H,0.3939,115,T,H
2287,T115I,0.2755,115,T,I
2288,T115K,0.4643,115,T,K
2289,T115L,0.338,115,T,L
2290,T115M,0.4183,115,T,M
2291,T115N,0.3889,115,T,N
2292,T115P,1.2979,115,T,P
2293,T115Q,0.4151,115,T,Q
2294,T115R,0.431,115,T,R
2295,T115S,0.2082,115,T,S
2296,T115T,0.0,115,T,T
2297,T115V,0.3098,115,T,V
2298,T115W,0.3723,115,T,W
2299,T115Y,0.3756,115,T,Y
2300,N116A,-0.072,116,N,A
2301,N116C,-0.1866,116,N,C
2302,N116D,-0.1388,116,N,D
2303,N116E,-0.246,116,N,E
2304,N116F,0.0336,116,N,F
2305,N116G,0.3834,116,N,G
2306,N116H,0.0336,116,N,H
2307,N116I,-0.1644,116,N,I
2308,N116K,0.0535,116,N,K
2309,N116L,-0.1388,116,N,L
2310,N116M,0.0362,116,N,M
2311,N116N,0.0,116,N,N
2312,N116P,0.6979,116,N,P
2313,N116Q,0.0328,116,N,Q
2314,N116R,0.0006,116,N,R
2315,N116S,0.0219,116,N,S
2316,N116T,-0.0257,116,N,T
2317,N116V,-0.1857,116,N,V
2318,N116W,-0.0222,116,N,W
2319,N116Y,0.0193,116,N,Y
2320,S117A,0.1285,117,S,A
2321,S117C,0.0269,117,S,C
2322,S117D,1.254,117,S,D
2323,S117E,1.1738,117,S,E
2324,S117F,0.1512,117,S,F
2325,S117G,0.904,117,S,G
2326,S117H,0.8475,117,S,H
2327,S117I,0.2587,117,S,I
2328,S117K,1.4134,117,S,K
2329,S117L,0.6039,117,S,L
2330,S117M,0.3258,117,S,M
2331,S117N,1.2142,117,S,N
2332,S117P,1.626,117,S,P
2333,S117Q,0.7987,117,S,Q
2334,S117R,1.3055,117,S,R
2335,S117S,0.0,117,S,S
2336,S117T,-0.1654,117,S,T
2337,S117V,0.1618,117,S,V
2338,S117W,-0.1308,117,S,W
2339,S117Y,0.1648,117,S,Y
2340,L118A,2.6101,118,L,A
2341,L118C,1.7269,118,L,C
2342,L118D,3.1459,118,L,D
2343,L118E,3.0467,118,L,E
2344,L118F,1.6843,118,L,F
2345,L118G,3.0902,118,L,G
2346,L118H,3.0142,118,L,H
2347,L118I,1.422,118,L,I
2348,L118K,2.8228,118,L,K
2349,L118L,0.0,118,L,L
2350,L118M,1.1527,118,L,M
2351,L118N,3.0833,118,L,N
2352,L118P,3.3132,118,L,P
2353,L118Q,2.9244,118,L,Q
2354,L118R,2.8413,118,L,R
2355,L118S,3.0101,118,L,S
2356,L118T,2.8176,118,L,T
2357,L118V,2.1126,118,L,V
2358,L118W,2.2627,118,L,W
2359,L118Y,2.3171,118,L,Y
2360,R119A,0.1542,119,R,A
2361,R119C,0.0745,119,R,C
2362,R119D,0.6334,119,R,D
2363,R119E,0.3195,119,R,E
2364,R119F,0.3016,119,R,F
2365,R119G,0.9047,119,R,G
2366,R119H,0.4442,119,R,H
2367,R119I,0.1688,119,R,I
2368,R119K,0.1597,119,R,K
2369,R119L,0.1294,119,R,L
2370,R119M,0.1362,119,R,M
2371,R119N,0.5482,119,R,N
2372,R119P,2.4029,119,R,P
2373,R119Q,0.3034,119,R,Q
2374,R119R,0.0,119,R,R
2375,R119S,0.4366,119,R,S
2376,R119T,0.4618,119,R,T
2377,R119V,0.3762,119,R,V
2378,R119W,0.2125,119,R,W
2379,R119Y,0.2174,119,R,Y
2380,M120A,1.0894,120,M,A
2381,M120C,0.8122,120,M,C
2382,M120D,1.471,120,M,D
2383,M120E,1.4204,120,M,E
2384,M120F,0.6748,120,M,F
2385,M120G,2.011,120,M,G
2386,M120H,1.1328,120,M,H
2387,M120I,0.5514,120,M,I
2388,M120K,1.3425,120,M,K
2389,M120L,-0.4143,120,M,L
2390,M120M,0.0,120,M,M
2391,M120N,1.5953,120,M,N
2392,M120P,2.1034,120,M,P
2393,M120Q,1.0853,120,M,Q
2394,M120R,1.2658,120,M,R
2395,M120S,1.5825,120,M,S
2396,M120T,1.4465,120,M,T
2397,M120V,1.3032,120,M,V
2398,M120W,0.7086,120,M,W
2399,M120Y,0.6401,120,M,Y
2400,L121A,1.9871,121,L,A
2401,L121C,1.4006,121,L,C
2402,L121D,3.01,121,L,D
2403,L121E,2.6285,121,L,E
2404,L121F,1.3279,121,L,F
2405,L121G,2.7452,121,L,G
2406,L121H,2.5568,121,L,H
2407,L121I,0.7569,121,L,I
2408,L121K,2.5248,121,L,K
2409,L121L,0.0,121,L,L
2410,L121M,0.7961,121,L,M
2411,L121N,2.7846,121,L,N
2412,L121P,3.0689,121,L,P
2413,L121Q,2.4937,121,L,Q
2414,L121R,2.5085,121,L,R
2415,L121S,2.5771,121,L,S
2416,L121T,2.2475,121,L,T
2417,L121V,1.3308,121,L,V
2418,L121W,1.643,121,L,W
2419,L121Y,1.7734,121,L,Y
2420,Q122A,0.2115,122,Q,A
2421,Q122C,0.0499,122,Q,C
2422,Q122D,1.1006,122,Q,D
2423,Q122E,0.3148,122,Q,E
2424,Q122F,0.0982,122,Q,F
2425,Q122G,0.9011,122,Q,G
2426,Q122H,0.4101,122,Q,H
2427,Q122I,-0.0716,122,Q,I
2428,Q122K,0.1277,122,Q,K
2429,Q122L,0.011,122,Q,L
2430,Q122M,-0.0612,122,Q,M
2431,Q122N,0.8443,122,Q,N
2432,Q122P,2.1854,122,Q,P
2433,Q122Q,0.0,122,Q,Q
2434,Q122R,0.1258,122,Q,R
2435,Q122S,0.5065,122,Q,S
2436,Q122T,0.4253,122,Q,T
2437,Q122V,0.0357,122,Q,V
2438,Q122W,0.2126,122,Q,W
2439,Q122Y,0.1855,122,Q,Y
2440,Q123A,0.0869,123,Q,A
2441,Q123C,0.2453,123,Q,C
2442,Q123D,0.4289,123,Q,D
2443,Q123E,-0.1142,123,Q,E
2444,Q123F,0.7446,123,Q,F
2445,Q123G,0.7477,123,Q,G
2446,Q123H,0.4524,123,Q,H
2447,Q123I,0.736,123,Q,I
2448,Q123K,0.5025,123,Q,K
2449,Q123L,0.3509,123,Q,L
2450,Q123M,0.1271,123,Q,M
2451,Q123N,0.573,123,Q,N
2452,Q123P,2.3323,123,Q,P
2453,Q123Q,0.0,123,Q,Q
2454,Q123R,0.5667,123,Q,R
2455,Q123S,0.469,123,Q,S
2456,Q123T,0.7368,123,Q,T
2457,Q123V,0.945,123,Q,V
2458,Q123W,0.6244,123,Q,W
2459,Q123Y,0.6215,123,Q,Y
2460,K124A,0.6318,124,K,A
2461,K124C,0.3181,124,K,C
2462,K124D,1.4957,124,K,D
2463,K124E,1.0588,124,K,E
2464,K124F,0.5484,124,K,F
2465,K124G,0.165,124,K,G
2466,K124H,0.2261,124,K,H
2467,K124I,1.5945,124,K,I
2468,K124K,0.0,124,K,K
2469,K124L,0.7517,124,K,L
2470,K124M,0.4623,124,K,M
2471,K124N,0.5435,124,K,N
2472,K124P,2.2682,124,K,P
2473,K124Q,0.1056,124,K,Q
2474,K124R,0.1838,124,K,R
2475,K124S,0.8949,124,K,S
2476,K124T,1.3038,124,K,T
2477,K124V,1.5047,124,K,V
2478,K124W,0.8715,124,K,W
2479,K124Y,0.6757,124,K,Y
2480,R125A,1.153,125,R,A
2481,R125C,0.8577,125,R,C
2482,R125D,2.0015,125,R,D
2483,R125E,1.7002,125,R,E
2484,R125F,1.0311,125,R,F
2485,R125G,1.9207,125,R,G
2486,R125H,1.0883,125,R,H
2487,R125I,1.0521,125,R,I
2488,R125K,0.4875,125,R,K
2489,R125L,0.4802,125,R,L
2490,R125M,0.7446,125,R,M
2491,R125N,1.1845,125,R,N
2492,R125P,2.839,125,R,P
2493,R125Q,1.2167,125,R,Q
2494,R125R,0.0,125,R,R
2495,R125S,1.4188,125,R,S
2496,R125T,1.5068,125,R,T
2497,R125V,1.3151,125,R,V
2498,R125W,1.1722,125,R,W
2499,R125Y,1.1055,125,R,Y
2500,W126A,1.7104,126,W,A
2501,W126C,1.1492,126,W,C
2502,W126D,1.7927,126,W,D
2503,W126E,1.742,126,W,E
2504,W126F,0.991,126,W,F
2505,W126G,1.8287,126,W,G
2506,W126H,1.7195,126,W,H
2507,W126I,1.4377,126,W,I
2508,W126K,1.7618,126,W,K
2509,W126L,1.2694,126,W,L
2510,W126M,1.343,126,W,M
2511,W126N,1.8366,126,W,N
2512,W126P,1.8572,126,W,P
2513,W126Q,1.6688,126,W,Q
2514,W126R,1.8643,126,W,R
2515,W126S,1.6451,126,W,S
2516,W126T,1.5621,126,W,T
2517,W126V,1.397,126,W,V
2518,W126W,0.0,126,W,W
2519,W126Y,0.84,126,W,Y
2520,D127A,0.6417,127,D,A
2521,D127C,0.3804,127,D,C
2522,D127D,0.0,127,D,D
2523,D127E,0.2591,127,D,E
2524,D127F,0.7309,127,D,F
2525,D127G,0.967,127,D,G
2526,D127H,0.6503,127,D,H
2527,D127I,0.655,127,D,I
2528,D127K,0.9173,127,D,K
2529,D127L,0.6521,127,D,L
2530,D127M,0.7672,127,D,M
2531,D127N,0.5224,127,D,N
2532,D127P,1.0973,127,D,P
2533,D127Q,0.6582,127,D,Q
2534,D127R,0.8984,127,D,R
2535,D127S,0.6478,127,D,S
2536,D127T,0.7724,127,D,T
2537,D127V,0.6199,127,D,V
2538,D127W,0.6594,127,D,W
2539,D127Y,0.754,127,D,Y
2540,E128A,0.4695,128,E,A
2541,E128C,0.5884,128,E,C
2542,E128D,0.4714,128,E,D
2543,E128E,0.0,128,E,E
2544,E128F,1.1988,128,E,F
2545,E128G,1.0058,128,E,G
2546,E128H,1.0542,128,E,H
2547,E128I,0.9183,128,E,I
2548,E128K,1.1028,128,E,K
2549,E128L,0.7234,128,E,L
2550,E128M,0.6917,128,E,M
2551,E128N,0.9886,128,E,N
2552,E128P,1.5585,128,E,P
2553,E128Q,0.6115,128,E,Q
2554,E128R,1.1349,128,E,R
2555,E128S,0.8116,128,E,S
2556,E128T,0.9287,128,E,T
2557,E128V,1.0813,128,E,V
2558,E128W,1.0031,128,E,W
2559,E128Y,1.1027,128,E,Y
2560,A129A,0.0,129,A,A
2561,A129C,0.2442,129,A,C
2562,A129D,1.9915,129,A,D
2563,A129E,1.7287,129,A,E
2564,A129F,0.4137,129,A,F
2565,A129G,1.8072,129,A,G
2566,A129H,1.5841,129,A,H
2567,A129I,0.625,129,A,I
2568,A129K,1.8922,129,A,K
2569,A129L,0.4996,129,A,L
2570,A129M,0.6773,129,A,M
2571,A129N,1.7746,129,A,N
2572,A129P,1.8293,129,A,P
2573,A129Q,1.8775,129,A,Q
2574,A129R,2.0065,129,A,R
2575,A129S,1.1335,129,A,S
2576,A129T,1.2966,129,A,T
2577,A129V,0.5228,129,A,V
2578,A129W,0.9434,129,A,W
2579,A129Y,0.694,129,A,Y
2580,A130A,0.0,130,A,A
2581,A130C,0.3652,130,A,C
2582,A130D,2.0635,130,A,D
2583,A130E,1.286,130,A,E
2584,A130F,0.6123,130,A,F
2585,A130G,1.3599,130,A,G
2586,A130H,1.4258,130,A,H
2587,A130I,0.269,130,A,I
2588,A130K,1.2969,130,A,K
2589,A130L,0.7961,130,A,L
2590,A130M,0.628,130,A,M
2591,A130N,1.8798,130,A,N
2592,A130P,2.2566,130,A,P
2593,A130Q,1.1439,130,A,Q
2594,A130R,1.2239,130,A,R
2595,A130S,0.7663,130,A,S
2596,A130T,0.8824,130,A,T
2597,A130V,0.1144,130,A,V
2598,A130W,0.5895,130,A,W
2599,A130Y,0.7675,130,A,Y
2600,V131A,-0.0817,131,V,A
2601,V131C,-0.1354,131,V,C
2602,V131D,0.2751,131,V,D
2603,V131E,-0.075,131,V,E
2604,V131F,0.141,131,V,F
2605,V131G,0.6014,131,V,G
2606,V131H,0.131,131,V,H
2607,V131I,-0.1241,131,V,I
2608,V131K,-0.0889,131,V,K
2609,V131L,-0.1072,131,V,L
2610,V131M,-0.0812,131,V,M
2611,V131N,0.246,131,V,N
2612,V131P,2.0889,131,V,P
2613,V131Q,-0.0968,131,V,Q
2614,V131R,-0.1729,131,V,R
2615,V131S,0.186,131,V,S
2616,V131T,0.1278,131,V,T
2617,V131V,0.0,131,V,V
2618,V131W,0.0754,131,V,W
2619,V131Y,0.0851,131,V,Y
2620,N132A,0.4483,132,N,A
2621,N132C,-0.0383,132,N,C
2622,N132D,0.2088,132,N,D
2623,N132E,0.2978,132,N,E
2624,N132F,0.4687,132,N,F
2625,N132G,1.3359,132,N,G
2626,N132H,0.304,132,N,H
2627,N132I,0.5347,132,N,I
2628,N132K,0.8783,132,N,K
2629,N132L,0.2418,132,N,L
2630,N132M,0.257,132,N,M
2631,N132N,0.0,132,N,N
2632,N132P,3.1136,132,N,P
2633,N132Q,0.5113,132,N,Q
2634,N132R,0.6649,132,N,R
2635,N132S,0.3753,132,N,S
2636,N132T,0.7514,132,N,T
2637,N132V,0.4622,132,N,V
2638,N132W,0.3756,132,N,W
2639,N132Y,0.4316,132,N,Y
2640,L133A,2.0582,133,L,A
2641,L133C,1.1978,133,L,C
2642,L133D,2.8117,133,L,D
2643,L133E,2.4345,133,L,E
2644,L133F,0.4888,133,L,F
2645,L133G,2.3792,133,L,G
2646,L133H,2.2937,133,L,H
2647,L133I,0.8153,133,L,I
2648,L133K,2.4097,133,L,K
2649,L133L,0.0,133,L,L
2650,L133M,0.517,133,L,M
2651,L133N,2.536,133,L,N
2652,L133P,2.5701,133,L,P
2653,L133Q,2.3919,133,L,Q
2654,L133R,2.268,133,L,R
2655,L133S,2.5212,133,L,S
2656,L133T,2.2165,133,L,T
2657,L133V,1.4874,133,L,V
2658,L133W,1.4062,133,L,W
2659,L133Y,1.4069,133,L,Y
2660,A134A,0.0,134,A,A
2661,A134C,0.0112,134,A,C
2662,A134D,1.9233,134,A,D
2663,A134E,0.6318,134,A,E
2664,A134F,0.5771,134,A,F
2665,A134G,1.3103,134,A,G
2666,A134H,0.8138,134,A,H
2667,A134I,-0.1282,134,A,I
2668,A134K,-0.0875,134,A,K
2669,A134L,0.1227,134,A,L
2670,A134M,-0.2732,134,A,M
2671,A134N,1.2987,134,A,N
2672,A134P,2.8517,134,A,P
2673,A134Q,-0.2237,134,A,Q
2674,A134R,-0.0983,134,A,R
2675,A134S,0.197,134,A,S
2676,A134T,0.0952,134,A,T
2677,A134V,0.0427,134,A,V
2678,A134W,0.806,134,A,W
2679,A134Y,0.8439,134,A,Y
2680,K135A,0.3867,135,K,A
2681,K135C,0.3126,135,K,C
2682,K135D,0.9254,135,K,D
2683,K135E,0.7071,135,K,E
2684,K135F,0.6715,135,K,F
2685,K135G,0.9033,135,K,G
2686,K135H,0.4324,135,K,H
2687,K135I,0.6625,135,K,I
2688,K135K,0.0,135,K,K
2689,K135L,0.3791,135,K,L
2690,K135M,0.3203,135,K,M
2691,K135N,0.3685,135,K,N
2692,K135P,2.6712,135,K,P
2693,K135Q,0.2288,135,K,Q
2694,K135R,0.0062,135,K,R
2695,K135S,0.5522,135,K,S
2696,K135T,0.7259,135,K,T
2697,K135V,0.789,135,K,V
2698,K135W,0.793,135,K,W
2699,K135Y,0.7289,135,K,Y
2700,S136A,0.7761,136,S,A
2701,S136C,0.7323,136,S,C
2702,S136D,1.7606,136,S,D
2703,S136E,1.7039,136,S,E
2704,S136F,1.5021,136,S,F
2705,S136G,1.2538,136,S,G
2706,S136H,1.7231,136,S,H
2707,S136I,1.4734,136,S,I
2708,S136K,1.6184,136,S,K
2709,S136L,1.6559,136,S,L
2710,S136M,1.2055,136,S,M
2711,S136N,1.6429,136,S,N
2712,S136P,1.9769,136,S,P
2713,S136Q,1.3708,136,S,Q
2714,S136R,1.5756,136,S,R
2715,S136S,0.0,136,S,S
2716,S136T,0.4891,136,S,T
2717,S136V,1.3482,136,S,V
2718,S136W,1.3485,136,S,W
2719,S136Y,1.7392,136,S,Y
2720,R137A,0.1399,137,R,A
2721,R137C,0.0709,137,R,C
2722,R137D,0.3593,137,R,D
2723,R137E,0.3215,137,R,E
2724,R137F,0.2735,137,R,F
2725,R137G,0.5805,137,R,G
2726,R137H,0.3045,137,R,H
2727,R137I,0.2073,137,R,I
2728,R137K,0.0539,137,R,K
2729,R137L,0.1913,137,R,L
2730,R137M,0.2889,137,R,M
2731,R137N,0.2229,137,R,N
2732,R137P,0.6422,137,R,P
2733,R137Q,0.3056,137,R,Q
2734,R137R,0.0,137,R,R
2735,R137S,0.2391,137,R,S
2736,R137T,0.3088,137,R,T
2737,R137V,0.3227,137,R,V
2738,R137W,0.1975,137,R,W
2739,R137Y,0.2329,137,R,Y
2740,W138A,2.7353,138,W,A
2741,W138C,1.8179,138,W,C
2742,W138D,2.9317,138,W,D
2743,W138E,2.773,138,W,E
2744,W138F,1.3425,138,W,F
2745,W138G,2.7718,138,W,G
2746,W138H,2.4769,138,W,H
2747,W138I,1.9863,138,W,I
2748,W138K,2.7227,138,W,K
2749,W138L,1.8655,138,W,L
2750,W138M,1.8928,138,W,M
2751,W138N,2.8653,138,W,N
2752,W138P,2.6495,138,W,P
2753,W138Q,2.6091,138,W,Q
2754,W138R,2.6602,138,W,R
2755,W138S,2.6501,138,W,S
2756,W138T,2.5987,138,W,T
2757,W138V,1.977,138,W,V
2758,W138W,0.0,138,W,W
2759,W138Y,1.1486,138,W,Y
2760,Y139A,1.8072,139,Y,A
2761,Y139C,1.2476,139,Y,C
2762,Y139D,2.8438,139,Y,D
2763,Y139E,2.6419,139,Y,E
2764,Y139F,0.3928,139,Y,F
2765,Y139G,2.5395,139,Y,G
2766,Y139H,1.3472,139,Y,H
2767,Y139I,1.5119,139,Y,I
2768,Y139K,2.1761,139,Y,K
2769,Y139L,1.3107,139,Y,L
2770,Y139M,1.5095,139,Y,M
2771,Y139N,2.1503,139,Y,N
2772,Y139P,2.5763,139,Y,P
2773,Y139Q,2.2515,139,Y,Q
2774,Y139R,1.9428,139,Y,R
2775,Y139S,2.0908,139,Y,S
2776,Y139T,1.9739,139,Y,T
2777,Y139V,1.4165,139,Y,V
2778,Y139W,0.5209,139,Y,W
2779,Y139Y,0.0,139,Y,Y
2780,N140A,-0.2109,140,N,A
2781,N140C,-0.3351,140,N,C
2782,N140D,0.3362,140,N,D
2783,N140E,-0.0534,140,N,E
2784,N140F,-0.0234,140,N,F
2785,N140G,0.5134,140,N,G
2786,N140H,-0.0819,140,N,H
2787,N140I,-0.1688,140,N,I
2788,N140K,-0.3944,140,N,K
2789,N140L,-0.2169,140,N,L
2790,N140M,-0.2744,140,N,M
2791,N140N,0.0,140,N,N
2792,N140P,2.3532,140,N,P
2793,N140Q,-0.2658,140,N,Q
2794,N140R,-0.4789,140,N,R
2795,N140S,-0.0006,140,N,S
2796,N140T,-0.0118,140,N,T
2797,N140V,-0.104,140,N,V
2798,N140W,-0.129,140,N,W
2799,N140Y,-0.1551,140,N,Y
2800,Q141A,0.0382,141,Q,A
2801,Q141C,-0.0504,141,Q,C
2802,Q141D,0.1162,141,Q,D
2803,Q141E,-0.0219,141,Q,E
2804,Q141F,0.2231,141,Q,F
2805,Q141G,0.7091,141,Q,G
2806,Q141H,0.2513,141,Q,H
2807,Q141I,0.0114,141,Q,I
2808,Q141K,0.0148,141,Q,K
2809,Q141L,-0.075,141,Q,L
2810,Q141M,-0.0101,141,Q,M
2811,Q141N,0.1417,141,Q,N
2812,Q141P,1.9282,141,Q,P
2813,Q141Q,0.0,141,Q,Q
2814,Q141R,-0.0725,141,Q,R
2815,Q141S,0.2235,141,Q,S
2816,Q141T,0.1691,141,Q,T
2817,Q141V,0.2126,141,Q,V
2818,Q141W,0.2074,141,Q,W
2819,Q141Y,0.2442,141,Q,Y
2820,T142A,0.2538,142,T,A
2821,T142C,-0.3229,142,T,C
2822,T142D,0.1415,142,T,D
2823,T142E,0.2339,142,T,E
2824,T142F,-0.2883,142,T,F
2825,T142G,1.0143,142,T,G
2826,T142H,-0.0288,142,T,H
2827,T142I,-0.3332,142,T,I
2828,T142K,0.261,142,T,K
2829,T142L,-0.2112,142,T,L
2830,T142M,-0.2048,142,T,M
2831,T142N,-0.0561,142,T,N
2832,T142P,1.7349,142,T,P
2833,T142Q,0.1199,142,T,Q
2834,T142R,0.1183,142,T,R
2835,T142S,0.1574,142,T,S
2836,T142T,0.0,142,T,T
2837,T142V,-0.2275,142,T,V
2838,T142W,-0.4006,142,T,W
2839,T142Y,-0.3356,142,T,Y
2840,P143A,1.0223,143,P,A
2841,P143C,0.7177,143,P,C
2842,P143D,1.5276,143,P,D
2843,P143E,1.2309,143,P,E
2844,P143F,0.8128,143,P,F
2845,P143G,1.1125,143,P,G
2846,P143H,1.0509,143,P,H
2847,P143I,0.8755,143,P,I
2848,P143K,0.7982,143,P,K
2849,P143L,0.8722,143,P,L
2850,P143M,0.8134,143,P,M
2851,P143N,1.2757,143,P,N
2852,P143P,0.0,143,P,P
2853,P143Q,1.0351,143,P,Q
2854,P143R,0.7963,143,P,R
2855,P143S,1.1467,143,P,S
2856,P143T,1.0555,143,P,T
2857,P143V,0.9084,143,P,V
2858,P143W,0.8216,143,P,W
2859,P143Y,0.7594,143,P,Y
2860,N144A,-0.1631,144,N,A
2861,N144C,-0.1999,144,N,C
2862,N144D,-0.3073,144,N,D
2863,N144E,-0.4091,144,N,E
2864,N144F,0.1106,144,N,F
2865,N144G,0.2999,144,N,G
2866,N144H,0.0407,144,N,H
2867,N144I,-0.127,144,N,I
2868,N144K,0.1326,144,N,K
2869,N144L,-0.1393,144,N,L
2870,N144M,-0.0186,144,N,M
2871,N144N,0.0,144,N,N
2872,N144P,0.4012,144,N,P
2873,N144Q,-0.0705,144,N,Q
2874,N144R,0.1117,144,N,R
2875,N144S,-0.1145,144,N,S
2876,N144T,-0.0484,144,N,T
2877,N144V,-0.1387,144,N,V
2878,N144W,0.011,144,N,W
2879,N144Y,0.1482,144,N,Y
2880,R145A,1.0179,145,R,A
2881,R145C,0.8983,145,R,C
2882,R145D,1.7881,145,R,D
2883,R145E,1.4906,145,R,E
2884,R145F,0.8599,145,R,F
2885,R145G,1.8263,145,R,G
2886,R145H,0.9208,145,R,H
2887,R145I,0.4946,145,R,I
2888,R145K,0.3285,145,R,K
2889,R145L,0.6008,145,R,L
2890,R145M,0.8075,145,R,M
2891,R145N,1.2177,145,R,N
2892,R145P,1.6789,145,R,P
2893,R145Q,1.1017,145,R,Q
2894,R145R,0.0,145,R,R
2895,R145S,1.2116,145,R,S
2896,R145T,0.9955,145,R,T
2897,R145V,0.7875,145,R,V
2898,R145W,0.7377,145,R,W
2899,R145Y,0.6326,145,R,Y
2900,A146A,0.0,146,A,A
2901,A146C,0.5987,146,A,C
2902,A146D,2.394,146,A,D
2903,A146E,2.0696,146,A,E
2904,A146F,0.6952,146,A,F
2905,A146G,1.7492,146,A,G
2906,A146H,1.7772,146,A,H
2907,A146I,0.8504,146,A,I
2908,A146K,2.1883,146,A,K
2909,A146L,1.1502,146,A,L
2910,A146M,0.9712,146,A,M
2911,A146N,2.2562,146,A,N
2912,A146P,2.2416,146,A,P
2913,A146Q,1.9695,146,A,Q
2914,A146R,2.0341,146,A,R
2915,A146S,1.0208,146,A,S
2916,A146T,1.0933,146,A,T
2917,A146V,0.6034,146,A,V
2918,A146W,0.8637,146,A,W
2919,A146Y,0.8463,146,A,Y
2920,K147A,-0.2138,147,K,A
2921,K147C,-0.4482,147,K,C
2922,K147D,0.2162,147,K,D
2923,K147E,-0.356,147,K,E
2924,K147F,-0.1837,147,K,F
2925,K147G,0.6004,147,K,G
2926,K147H,-0.0064,147,K,H
2927,K147I,0.1194,147,K,I
2928,K147K,0.0,147,K,K
2929,K147L,-0.1309,147,K,L
2930,K147M,-0.1149,147,K,M
2931,K147N,0.2916,147,K,N
2932,K147P,2.5905,147,K,P
2933,K147Q,-0.1977,147,K,Q
2934,K147R,-0.0133,147,K,R
2935,K147S,0.1451,147,K,S
2936,K147T,0.1561,147,K,T
2937,K147V,0.1263,147,K,V
2938,K147W,-0.3512,147,K,W
2939,K147Y,-0.29,147,K,Y
2940,R148A,1.5079,148,R,A
2941,R148C,1.6101,148,R,C
2942,R148D,2.5222,148,R,D
2943,R148E,2.4447,148,R,E
2944,R148F,1.632,148,R,F
2945,R148G,2.1224,148,R,G
2946,R148H,1.5883,148,R,H
2947,R148I,1.5655,148,R,I
2948,R148K,0.7004,148,R,K
2949,R148L,1.3504,148,R,L
2950,R148M,1.2889,148,R,M
2951,R148N,1.7273,148,R,N
2952,R148P,2.5369,148,R,P
2953,R148Q,1.5823,148,R,Q
2954,R148R,0.0,148,R,R
2955,R148S,1.6549,148,R,S
2956,R148T,1.6491,148,R,T
2957,R148V,1.7679,148,R,V
2958,R148W,1.7363,148,R,W
2959,R148Y,1.6782,148,R,Y
2960,V149A,2.0374,149,V,A
2961,V149C,1.286,149,V,C
2962,V149D,3.1363,149,V,D
2963,V149E,2.7826,149,V,E
2964,V149F,1.3101,149,V,F
2965,V149G,3.2094,149,V,G
2966,V149H,2.3284,149,V,H
2967,V149I,-0.5355,149,V,I
2968,V149K,2.198,149,V,K
2969,V149L,0.4459,149,V,L
2970,V149M,1.1944,149,V,M
2971,V149N,2.8346,149,V,N
2972,V149P,3.4531,149,V,P
2973,V149Q,2.273,149,V,Q
2974,V149R,2.2322,149,V,R
2975,V149S,2.5863,149,V,S
2976,V149T,1.4328,149,V,T
2977,V149V,0.0,149,V,V
2978,V149W,1.6002,149,V,W
2979,V149Y,1.4291,149,V,Y
2980,I150A,1.8111,150,I,A
2981,I150C,1.337,150,I,C
2982,I150D,2.4644,150,I,D
2983,I150E,2.2176,150,I,E
2984,I150F,0.7275,150,I,F
2985,I150G,2.6307,150,I,G
2986,I150H,1.8773,150,I,H
2987,I150I,0.0,150,I,I
2988,I150K,2.1536,150,I,K
2989,I150L,0.2665,150,I,L
2990,I150M,0.8107,150,I,M
2991,I150N,2.1931,150,I,N
2992,I150P,2.7868,150,I,P
2993,I150Q,2.2185,150,I,Q
2994,I150R,1.993,150,I,R
2995,I150S,2.351,150,I,S
2996,I150T,1.9894,150,I,T
2997,I150V,1.0258,150,I,V
2998,I150W,1.0981,150,I,W
2999,I150Y,0.9942,150,I,Y
3000,T151A,0.2518,151,T,A
3001,T151C,-0.038,151,T,C
3002,T151D,0.1765,151,T,D
3003,T151E,0.0198,151,T,E
3004,T151F,0.0786,151,T,F
3005,T151G,1.0445,151,T,G
3006,T151H,0.3094,151,T,H
3007,T151I,0.2108,151,T,I
3008,T151K,0.6315,151,T,K
3009,T151L,0.0172,151,T,L
3010,T151M,0.039,151,T,M
3011,T151N,0.3921,151,T,N
3012,T151P,2.3428,151,T,P
3013,T151Q,0.1826,151,T,Q
3014,T151R,0.5274,151,T,R
3015,T151S,0.2757,151,T,S
3016,T151T,0.0,151,T,T
3017,T151V,0.2489,151,T,V
3018,T151W,-0.2315,151,T,W
3019,T151Y,-0.0628,151,T,Y
3020,T152A,0.9342,152,T,A
3021,T152C,0.5893,152,T,C
3022,T152D,1.9629,152,T,D
3023,T152E,1.8265,152,T,E
3024,T152F,0.9558,152,T,F
3025,T152G,1.908,152,T,G
3026,T152H,1.8267,152,T,H
3027,T152I,-0.0789,152,T,I
3028,T152K,1.7725,152,T,K
3029,T152L,0.4819,152,T,L
3030,T152M,0.4071,152,T,M
3031,T152N,1.882,152,T,N
3032,T152P,2.2323,152,T,P
3033,T152Q,1.3736,152,T,Q
3034,T152R,1.5532,152,T,R
3035,T152S,0.9572,152,T,S
3036,T152T,0.0,152,T,T
3037,T152V,-0.1214,152,T,V
3038,T152W,1.3178,152,T,W
3039,T152Y,1.3827,152,T,Y
3040,F153A,3.2477,153,F,A
3041,F153C,1.9438,153,F,C
3042,F153D,3.8206,153,F,D
3043,F153E,3.6454,153,F,E
3044,F153F,0.0,153,F,F
3045,F153G,3.6382,153,F,G
3046,F153H,3.4079,153,F,H
3047,F153I,1.5886,153,F,I
3048,F153K,3.5688,153,F,K
3049,F153L,1.2192,153,F,L
3050,F153M,1.4921,153,F,M
3051,F153N,3.4066,153,F,N
3052,F153P,3.9066,153,F,P
3053,F153Q,3.488,153,F,Q
3054,F153R,3.4458,153,F,R
3055,F153S,3.4829,153,F,S
3056,F153T,3.0749,153,F,T
3057,F153V,2.0501,153,F,V
3058,F153W,1.5584,153,F,W
3059,F153Y,1.7814,153,F,Y
3060,R154A,0.8499,154,R,A
3061,R154C,0.5118,154,R,C
3062,R154D,2.1241,154,R,D
3063,R154E,1.2367,154,R,E
3064,R154F,0.4053,154,R,F
3065,R154G,1.7466,154,R,G
3066,R154H,0.8665,154,R,H
3067,R154I,0.7437,154,R,I
3068,R154K,0.3023,154,R,K
3069,R154L,-0.0332,154,R,L
3070,R154M,0.2646,154,R,M
3071,R154N,1.5146,154,R,N
3072,R154P,2.7518,154,R,P
3073,R154Q,0.6521,154,R,Q
3074,R154R,0.0,154,R,R
3075,R154S,1.3527,154,R,S
3076,R154T,1.4022,154,R,T
3077,R154V,0.9591,154,R,V
3078,R154W,0.4802,154,R,W
3079,R154Y,0.5492,154,R,Y
3080,T155A,1.0753,155,T,A
3081,T155C,0.4797,155,T,C
3082,T155D,1.0082,155,T,D
3083,T155E,0.8063,155,T,E
3084,T155F,0.6256,155,T,F
3085,T155G,1.6761,155,T,G
3086,T155H,0.7012,155,T,H
3087,T155I,0.7526,155,T,I
3088,T155K,1.1512,155,T,K
3089,T155L,0.4186,155,T,L
3090,T155M,0.645,155,T,M
3091,T155N,0.7449,155,T,N
3092,T155P,2.1625,155,T,P
3093,T155Q,0.8593,155,T,Q
3094,T155R,1.2408,155,T,R
3095,T155S,0.7317,155,T,S
3096,T155T,0.0,155,T,T
3097,T155V,0.6822,155,T,V
3098,T155W,0.6139,155,T,W
3099,T155Y,0.4059,155,T,Y
3100,G156A,1.6097,156,G,A
3101,G156C,1.2264,156,G,C
3102,G156D,1.8494,156,G,D
3103,G156E,2.1652,156,G,E
3104,G156F,1.8783,156,G,F
3105,G156G,0.0,156,G,G
3106,G156H,1.6573,156,G,H
3107,G156I,2.4875,156,G,I
3108,G156K,2.1235,156,G,K
3109,G156L,2.1575,156,G,L
3110,G156M,1.7287,156,G,M
3111,G156N,1.6637,156,G,N
3112,G156P,2.7104,156,G,P
3113,G156Q,1.8711,156,G,Q
3114,G156R,2.034,156,G,R
3115,G156S,1.738,156,G,S
3116,G156T,2.4287,156,G,T
3117,G156V,2.4708,156,G,V
3118,G156W,1.9798,156,G,W
3119,G156Y,1.9195,156,G,Y
3120,T157A,1.0644,157,T,A
3121,T157C,0.6944,157,T,C
3122,T157D,0.9947,157,T,D
3123,T157E,1.1516,157,T,E
3124,T157F,1.1951,157,T,F
3125,T157G,0.9962,157,T,G
3126,T157H,0.8881,157,T,H
3127,T157I,1.3657,157,T,I
3128,T157K,0.9109,157,T,K
3129,T157L,1.0896,157,T,L
3130,T157M,1.1512,157,T,M
3131,T157N,0.4315,157,T,N
3132,T157P,1.9114,157,T,P
3133,T157Q,1.0357,157,T,Q
3134,T157R,0.8722,157,T,R
3135,T157S,0.3842,157,T,S
3136,T157T,0.0,157,T,T
3137,T157V,1.127,157,T,V
3138,T157W,1.4418,157,T,W
3139,T157Y,1.2293,157,T,Y
3140,W158A,1.5999,158,W,A
3141,W158C,1.1523,158,W,C
3142,W158D,1.5846,158,W,D
3143,W158E,1.6191,158,W,E
3144,W158F,1.0437,158,W,F
3145,W158G,1.669,158,W,G
3146,W158H,1.6396,158,W,H
3147,W158I,1.6054,158,W,I
3148,W158K,1.8185,158,W,K
3149,W158L,1.4306,158,W,L
3150,W158M,1.4525,158,W,M
3151,W158N,1.7275,158,W,N
3152,W158P,1.6469,158,W,P
3153,W158Q,1.6844,158,W,Q
3154,W158R,1.794,158,W,R
3155,W158S,1.4866,158,W,S
3156,W158T,1.4662,158,W,T
3157,W158V,1.4863,158,W,V
3158,W158W,0.0,158,W,W
3159,W158Y,0.9336,158,W,Y
3160,D159A,0.4555,159,D,A
3161,D159C,0.2636,159,D,C
3162,D159D,0.0,159,D,D
3163,D159E,0.2304,159,D,E
3164,D159F,0.5332,159,D,F
3165,D159G,1.036,159,D,G
3166,D159H,0.5166,159,D,H
3167,D159I,0.336,159,D,I
3168,D159K,0.8362,159,D,K
3169,D159L,0.4566,159,D,L
3170,D159M,0.5557,159,D,M
3171,D159N,0.5031,159,D,N
3172,D159P,1.4936,159,D,P
3173,D159Q,0.5152,159,D,Q
3174,D159R,0.7406,159,D,R
3175,D159S,0.4974,159,D,S
3176,D159T,0.6782,159,D,T
3177,D159V,0.3452,159,D,V
3178,D159W,0.4114,159,D,W
3179,D159Y,0.5472,159,D,Y
3180,A160A,0.0,160,A,A
3181,A160C,0.7337,160,A,C
3182,A160D,2.1982,160,A,D
3183,A160E,1.4361,160,A,E
3184,A160F,1.138,160,A,F
3185,A160G,1.7376,160,A,G
3186,A160H,1.4532,160,A,H
3187,A160I,1.095,160,A,I
3188,A160K,1.6337,160,A,K
3189,A160L,1.1863,160,A,L
3190,A160M,1.2063,160,A,M
3191,A160N,1.8213,160,A,N
3192,A160P,1.4898,160,A,P
3193,A160Q,1.6588,160,A,Q
3194,A160R,1.6906,160,A,R
3195,A160S,1.1601,160,A,S
3196,A160T,1.5641,160,A,T
3197,A160V,0.7986,160,A,V
3198,A160W,1.1339,160,A,W
3199,A160Y,1.0544,160,A,Y
3200,Y161A,2.9579,161,Y,A
3201,Y161C,2.3558,161,Y,C
3202,Y161D,3.4798,161,Y,D
3203,Y161E,3.277,161,Y,E
3204,Y161F,0.8331,161,Y,F
3205,Y161G,3.0247,161,Y,G
3206,Y161H,2.144,161,Y,H
3207,Y161I,2.4315,161,Y,I
3208,Y161K,3.0065,161,Y,K
3209,Y161L,2.3569,161,Y,L
3210,Y161M,2.513,161,Y,M
3211,Y161N,3.1232,161,Y,N
3212,Y161P,2.9938,161,Y,P
3213,Y161Q,3.1295,161,Y,Q
3214,Y161R,2.7291,161,Y,R
3215,Y161S,3.21,161,Y,S
3216,Y161T,3.0534,161,Y,T
3217,Y161V,2.6817,161,Y,V
3218,Y161W,1.1052,161,Y,W
3219,Y161Y,0.0,161,Y,Y
3220,K162A,0.2282,162,K,A
3221,K162C,0.1615,162,K,C
3222,K162D,0.5953,162,K,D
3223,K162E,0.4032,162,K,E
3224,K162F,0.3284,162,K,F
3225,K162G,0.6272,162,K,G
3226,K162H,0.3862,162,K,H
3227,K162I,0.1453,162,K,I
3228,K162K,0.0,162,K,K
3229,K162L,0.0728,162,K,L
3230,K162M,0.1229,162,K,M
3231,K162N,0.3549,162,K,N
3232,K162P,1.3782,162,K,P
3233,K162Q,0.1809,162,K,Q
3234,K162R,0.0046,162,K,R
3235,K162S,0.3795,162,K,S
3236,K162T,0.2908,162,K,T
3237,K162V,0.2595,162,K,V
3238,K162W,0.3664,162,K,W
3239,K162Y,0.3672,162,K,Y
3240,N163A,-0.0913,163,N,A
3241,N163C,-0.2176,163,N,C
3242,N163D,-0.065,163,N,D
3243,N163E,-0.1205,163,N,E
3244,N163F,0.1011,163,N,F
3245,N163G,0.0378,163,N,G
3246,N163H,-0.007,163,N,H
3247,N163I,0.022,163,N,I
3248,N163K,0.0335,163,N,K
3249,N163L,-0.0519,163,N,L
3250,N163M,0.0613,163,N,M
3251,N163N,0.0,163,N,N
3252,N163P,0.076,163,N,P
3253,N163Q,-0.0243,163,N,Q
3254,N163R,0.0834,163,N,R
3255,N163S,-0.019,163,N,S
3256,N163T,0.0401,163,N,T
3257,N163V,0.0178,163,N,V
3258,N163W,0.0167,163,N,W
3259,N163Y,0.1273,163,N,Y
3260,L164A,0.1164,164,L,A
3261,L164C,-0.0073,164,L,C
3262,L164D,0.311,164,L,D
3263,L164E,0.2549,164,L,E
3264,L164F,0.1972,164,L,F
3265,L164G,0.3586,164,L,G
3266,L164H,0.3169,164,L,H
3267,L164I,0.063,164,L,I
3268,L164K,0.4054,164,L,K
3269,L164L,0.0,164,L,L
3270,L164M,0.0799,164,L,M
3271,L164N,0.3759,164,L,N
3272,L164P,0.4585,164,L,P
3273,L164Q,0.2665,164,L,Q
3274,L164R,0.4572,164,L,R
3275,L164S,0.3111,164,L,S
3276,L164T,0.4225,164,L,T
3277,L164V,0.145,164,L,V
3278,L164W,0.0348,164,L,W
3279,L164Y,0.2268,164,L,Y
